,secs,meas
0,0.0,10.21
1,0.015625,10.23
2,0.03125,9.5
3,0.046875,9.12
4,0.0625,9.86
5,0.078125,11.83
6,0.09375,14.53
7,0.109375,17.09
8,0.125,18.52
9,0.140625,18.08
10,0.15625,15.38
11,0.171875,10.53
12,0.1875,4.1
13,0.203125,-2.98
14,0.21875,-9.71
15,0.234375,-15.17
16,0.25,-18.79
17,0.265625,-20.44
18,0.28125,-20.38
19,0.296875,-19.16
20,0.3125,-17.37
21,0.328125,-15.49
22,0.34375,-13.83
23,0.359375,-12.68
24,0.375,-12.45
25,0.390625,-13.59
26,0.40625,-16.49
27,0.421875,-21.17
28,0.4375,-27.19
29,0.453125,-33.7
30,0.46875,-39.7
31,0.484375,-44.41
32,0.5,-47.47
33,0.515625,-48.89
34,0.53125,-48.92
35,0.546875,-47.78
36,0.5625,-45.65
37,0.578125,-42.7
38,0.59375,-39.19
39,0.609375,-35.51
40,0.625,-32.15
41,0.640625,-29.63
42,0.65625,-28.4
43,0.671875,-28.71
44,0.6875,-30.51
45,0.703125,-33.29
46,0.71875,-36.01
47,0.734375,-37.24
48,0.75,-35.5
49,0.765625,-29.89
50,0.78125,-20.53
51,0.796875,-8.74
52,0.8125,3.23
53,0.828125,13.0
54,0.84375,18.89
55,0.859375,20.54
56,0.875,19.02
57,0.890625,16.35
58,0.90625,14.68
59,0.921875,15.5
60,0.9375,19.22
61,0.953125,25.15
62,0.96875,32.06
63,0.984375,38.74
64,1.0,44.42
65,1.015625,48.91
66,1.03125,52.41
67,1.046875,55.14
68,1.0625,57.11
69,1.078125,58.08
70,1.09375,57.63
71,1.109375,55.59
72,1.125,52.06
73,1.140625,47.53
74,1.15625,42.6
75,1.171875,37.65
76,1.1875,32.59
77,1.203125,26.92
78,1.21875,19.94
79,1.234375,11.22
80,1.25,0.94
81,1.265625,-10.06
82,1.28125,-20.49
83,1.296875,-29.05
84,1.3125,-34.75
85,1.328125,-37.05
86,1.34375,-35.89
87,1.359375,-31.38
88,1.375,-23.74
89,1.390625,-13.28
90,1.40625,-0.59
91,1.421875,13.25
92,1.4375,26.69
93,1.453125,37.94
94,1.46875,45.55
95,1.484375,48.87
96,1.5,48.43
97,1.515625,45.75
98,1.53125,42.73
99,1.546875,40.94
100,1.5625,41.05
101,1.578125,42.75
102,1.59375,45.08
103,1.609375,47.07
104,1.625,48.23
105,1.640625,48.72
106,1.65625,49.25
107,1.671875,50.59
108,1.6875,53.23
109,1.703125,57.03
110,1.71875,61.16
111,1.734375,64.18
112,1.75,64.57
113,1.765625,61.32
114,1.78125,54.37
115,1.796875,44.83
116,1.8125,34.48
117,1.828125,24.98
118,1.84375,16.94
119,1.859375,9.78
120,1.875,2.37
121,1.890625,-6.09
122,1.90625,-15.15
123,1.921875,-23.38
124,1.9375,-29.13
125,1.953125,-31.73
126,1.96875,-31.91
127,1.984375,-31.41
128,2.0,-31.87
129,2.015625,-33.95
130,2.03125,-37.06
131,2.046875,-39.97
132,2.0625,-41.63
133,2.078125,-41.77
134,2.09375,-40.71
135,2.109375,-38.89
136,2.125,-36.41
137,2.140625,-33.1
138,2.15625,-28.83
139,2.171875,-23.92
140,2.1875,-19.11
141,2.203125,-15.17
142,2.21875,-12.37
143,2.234375,-10.39
144,2.25,-8.52
145,2.265625,-6.09
146,2.28125,-2.95
147,2.296875,0.35
148,2.3125,2.82
149,2.328125,3.48
150,2.34375,1.73
151,2.359375,-2.24
152,2.375,-7.43
153,2.390625,-12.27
154,2.40625,-15.06
155,2.421875,-14.7
156,2.4375,-11.24
157,2.453125,-6.32
158,2.46875,-2.76
159,2.484375,-3.74
160,2.5,-11.59
161,2.515625,-26.58
162,2.53125,-46.67
163,2.546875,-67.95
164,2.5625,-85.99
165,2.578125,-97.35
166,2.59375,-100.54
167,2.609375,-96.15
168,2.625,-86.12
169,2.640625,-72.82
170,2.65625,-58.23
171,2.671875,-43.88
172,2.6875,-30.95
173,2.703125,-20.6
174,2.71875,-13.78
175,2.734375,-10.85
176,2.75,-11.19
177,2.765625,-13.22
178,2.78125,-14.88
179,2.796875,-14.47
180,2.8125,-11.28
181,2.828125,-5.79
182,2.84375,0.74
183,2.859375,7.03
184,2.875,12.29
185,2.890625,16.59
186,2.90625,20.58
187,2.921875,25.15
188,2.9375,31.05
189,2.953125,38.5
190,2.96875,47.27
191,2.984375,56.54
192,3.0,65.19
193,3.015625,72.0
194,3.03125,76.03
195,3.046875,76.81
196,3.0625,74.54
197,3.078125,69.97
198,3.09375,64.1
199,3.109375,57.81
200,3.125,51.7
201,3.140625,46.01
202,3.15625,40.92
203,3.171875,36.52
204,3.1875,32.8
205,3.203125,29.55
206,3.21875,26.23
207,3.234375,22.11
208,3.25,16.69
209,3.265625,9.89
210,3.28125,2.21
211,3.296875,-5.47
212,3.3125,-12.36
213,3.328125,-17.94
214,3.34375,-22.16
215,3.359375,-25.21
216,3.375,-27.32
217,3.390625,-28.61
218,3.40625,-29.07
219,3.421875,-28.6
220,3.4375,-27.13
221,3.453125,-24.62
222,3.46875,-21.05
223,3.484375,-16.57
224,3.5,-11.55
225,3.515625,-6.56
226,3.53125,-2.29
227,3.546875,0.73
228,3.5625,2.26
229,3.578125,2.37
230,3.59375,1.33
231,3.609375,-0.57
232,3.625,-3.08
233,3.640625,-5.94
234,3.65625,-8.7
235,3.671875,-10.78
236,3.6875,-11.57
237,3.703125,-10.79
238,3.71875,-8.76
239,3.734375,-6.4
240,3.75,-4.87
241,3.765625,-5.03
242,3.78125,-7.02
243,3.796875,-10.15
244,3.8125,-13.16
245,3.828125,-14.81
246,3.84375,-14.46
247,3.859375,-12.37
248,3.875,-9.49
249,3.890625,-7.0
250,3.90625,-5.7
251,3.921875,-5.63
252,3.9375,-5.99
253,3.953125,-5.59
254,3.96875,-3.36
255,3.984375,1.09
256,4.0,7.27
257,4.015625,14.09
258,4.03125,20.28
259,4.046875,24.71
260,4.0625,26.65
261,4.078125,25.69
262,4.09375,21.71
263,4.109375,14.89
264,4.125,5.73
265,4.140625,-4.82
266,4.15625,-15.44
267,4.171875,-24.71
268,4.1875,-31.63
269,4.203125,-35.82
270,4.21875,-37.56
271,4.234375,-37.43
272,4.25,-35.96
273,4.265625,-33.54
274,4.28125,-30.36
275,4.296875,-26.41
276,4.3125,-21.58
277,4.328125,-15.75
278,4.34375,-8.87
279,4.359375,-0.84
280,4.375,8.44
281,4.390625,18.91
282,4.40625,29.51
283,4.421875,38.5
284,4.4375,43.99
285,4.453125,44.87
286,4.46875,41.18
287,4.484375,34.21
288,4.5,26.17
289,4.515625,19.55
290,4.53125,16.31
291,4.546875,16.28
292,4.5625,18.01
293,4.578125,20.23
294,4.59375,23.34
295,4.609375,28.99
296,4.625,38.84
297,4.640625,53.16
298,4.65625,70.4
299,4.671875,87.72
300,4.6875,100.56
301,4.703125,105.41
302,4.71875,101.98
303,4.734375,93.5
304,4.75,84.36
305,4.765625,77.21
306,4.78125,71.95
307,4.796875,66.66
308,4.8125,59.36
309,4.828125,47.02
310,4.84375,27.17
311,4.859375,-1.5
312,4.875,-38.94
313,4.890625,-84.8
314,4.90625,-138.66
315,4.921875,-198.55
316,4.9375,-259.54
317,4.953125,-301.24
318,4.96875,-303.96
319,4.984375,-261.83
320,5.0,-189.47
321,5.015625,-111.39
322,5.03125,-46.98
323,5.046875,-3.89
324,5.0625,20.15
325,5.078125,32.27
326,5.09375,39.59
327,5.109375,44.28
328,5.125,45.04
329,5.140625,40.44
330,5.15625,32.03
331,5.171875,23.76
332,5.1875,19.47
333,5.203125,20.88
334,5.21875,27.14
335,5.234375,35.68
336,5.25,42.06
337,5.265625,42.72
338,5.28125,37.23
339,5.296875,28.81
340,5.3125,22.02
341,5.328125,19.97
342,5.34375,22.86
343,5.359375,28.35
344,5.375,33.3
345,5.390625,34.29
346,5.40625,29.77
347,5.421875,20.87
348,5.4375,11.03
349,5.453125,3.85
350,5.46875,1.2
351,5.484375,2.8
352,5.5,6.68
353,5.515625,9.78
354,5.53125,8.25
355,5.546875,-1.33
356,5.5625,-21.12
357,5.578125,-49.21
358,5.59375,-80.74
359,5.609375,-109.24
360,5.625,-128.47
361,5.640625,-134.35
362,5.65625,-126.64
363,5.671875,-109.24
364,5.6875,-88.27
365,5.703125,-69.14
366,5.71875,-53.79
367,5.734375,-39.97
368,5.75,-23.08
369,5.765625,0.38
370,5.78125,29.94
371,5.796875,59.38
372,5.8125,79.04
373,5.828125,80.07
374,5.84375,59.31
375,5.859375,21.76
376,5.875,-20.19
377,5.890625,-52.03
378,5.90625,-63.17
379,5.921875,-50.72
380,5.9375,-21.02
381,5.953125,14.36
382,5.96875,44.18
383,5.984375,61.84
384,6.0,66.29
385,6.015625,62.2
386,6.03125,55.83
387,6.046875,51.97
388,6.0625,54.01
389,6.078125,62.32
390,6.09375,77.47
391,6.109375,100.57
392,6.125,131.68
393,6.140625,168.01
394,6.15625,203.42
395,6.171875,229.46
396,6.1875,234.07
397,6.203125,214.03
398,6.21875,173.2
399,6.234375,120.2
400,6.25,64.53
401,6.265625,13.68
402,6.28125,-27.99
403,6.296875,-58.87
404,6.3125,-79.45
405,6.328125,-91.37
406,6.34375,-96.38
407,6.359375,-97.22
408,6.375,-96.65
409,6.390625,-96.77
410,6.40625,-98.72
411,6.421875,-102.26
412,6.4375,-106.23
413,6.453125,-109.39
414,6.46875,-110.89
415,6.484375,-110.38
416,6.5,-108.97
417,6.515625,-108.32
418,6.53125,-109.9
419,6.546875,-114.25
420,6.5625,-120.62
421,6.578125,-127.08
422,6.59375,-132.12
423,6.609375,-132.64
424,6.625,-125.83
425,6.640625,-109.67
426,6.65625,-83.23
427,6.671875,-47.38
428,6.6875,-5.3
429,6.703125,37.7
430,6.71875,75.16
431,6.734375,101.63
432,6.75,115.98
433,6.765625,121.18
434,6.78125,122.48
435,6.796875,124.05
436,6.8125,126.66
437,6.828125,127.62
438,6.84375,123.01
439,6.859375,110.41
440,6.875,91.21
441,6.890625,71.13
442,6.90625,55.29
443,6.921875,47.22
444,6.9375,47.38
445,6.953125,53.29
446,6.96875,61.04
447,6.984375,67.1
448,7.0,68.77
449,7.015625,65.0
450,7.03125,56.44
451,7.046875,44.6
452,7.0625,31.56
453,7.078125,19.27
454,7.09375,8.96
455,7.109375,0.84
456,7.125,-5.83
457,7.140625,-13.47
458,7.15625,-24.66
459,7.171875,-41.52
460,7.1875,-64.97
461,7.203125,-93.72
462,7.21875,-124.11
463,7.234375,-150.76
464,7.25,-168.09
465,7.265625,-169.7
466,7.28125,-154.58
467,7.296875,-126.28
468,7.3125,-91.62
469,7.328125,-58.07
470,7.34375,-30.11
471,7.359375,-7.7
472,7.375,13.84
473,7.390625,39.76
474,7.40625,72.2
475,7.421875,106.9
476,7.4375,135.21
477,7.453125,147.37
478,7.46875,137.0
479,7.484375,104.56
480,7.5,57.94
481,7.515625,9.21
482,7.53125,-31.11
483,7.546875,-54.3
484,7.5625,-59.87
485,7.578125,-52.95
486,7.59375,-40.01
487,7.609375,-24.9
488,7.625,-8.0
489,7.640625,11.28
490,7.65625,31.86
491,7.671875,49.63
492,7.6875,59.66
493,7.703125,56.25
494,7.71875,37.97
495,7.734375,9.1
496,7.75,-21.66
497,7.765625,-43.75
498,7.78125,-49.28
499,7.796875,-35.91
500,7.8125,-8.16
501,7.828125,23.97
502,7.84375,48.41
503,7.859375,56.45
504,7.875,45.79
505,7.890625,21.06
506,7.90625,-8.51
507,7.921875,-33.11
508,7.9375,-45.89
509,7.953125,-45.47
510,7.96875,-35.51
511,7.984375,-22.63
512,8.0,-12.41
513,8.015625,-7.82
514,8.03125,-9.26
515,8.046875,-14.88
516,8.0625,-21.49
517,8.078125,-25.19
518,8.09375,-23.3
519,8.109375,-15.4
520,8.125,-3.81
521,8.140625,7.53
522,8.15625,14.32
523,8.171875,13.45
524,8.1875,4.32
525,8.203125,-12.48
526,8.21875,-32.14
527,8.234375,-47.48
528,8.25,-52.98
529,8.265625,-48.15
530,8.28125,-36.68
531,8.296875,-23.08
532,8.3125,-9.88
533,8.328125,2.74
534,8.34375,15.43
535,8.359375,28.28
536,8.375,39.55
537,8.390625,46.4
538,8.40625,46.61
539,8.421875,40.14
540,8.4375,29.32
541,8.453125,17.9
542,8.46875,9.37
543,8.484375,5.55
544,8.5,6.4
545,8.515625,9.84
546,8.53125,12.83
547,8.546875,12.77
548,8.5625,8.77
549,8.578125,1.65
550,8.59375,-6.53
551,8.609375,-13.62
552,8.625,-17.8
553,8.640625,-18.04
554,8.65625,-14.35
555,8.671875,-7.93
556,8.6875,-0.47
557,8.703125,6.46
558,8.71875,11.8
559,8.734375,15.16
560,8.75,16.54
561,8.765625,16.25
562,8.78125,15.01
563,8.796875,13.87
564,8.8125,13.99
565,8.828125,16.31
566,8.84375,21.06
567,8.859375,27.22
568,8.875,32.98
569,8.890625,36.41
570,8.90625,36.63
571,8.921875,34.31
572,8.9375,31.11
573,8.953125,28.4
574,8.96875,26.3
575,8.984375,23.59
576,9.0,19.02
577,9.015625,13.08
578,9.03125,8.38
579,9.046875,8.6
580,9.0625,16.33
581,9.078125,31.27
582,9.09375,50.06
583,9.109375,67.59
584,9.125,79.69
585,9.140625,83.57
586,9.15625,79.43
587,9.171875,69.12
588,9.1875,55.01
589,9.203125,38.72
590,9.21875,21.06
591,9.234375,2.46
592,9.25,-16.57
593,9.265625,-34.99
594,9.28125,-51.37
595,9.296875,-64.15
596,9.3125,-72.31
597,9.328125,-75.54
598,9.34375,-74.38
599,9.359375,-69.79
600,9.375,-62.71
601,9.390625,-53.62
602,9.40625,-42.56
603,9.421875,-29.58
604,9.4375,-15.29
605,9.453125,-1.22
606,9.46875,10.72
607,9.484375,18.89
608,9.5,22.71
609,9.515625,22.93
610,9.53125,20.97
611,9.546875,18.07
612,9.5625,14.48
613,9.578125,9.85
614,9.59375,3.86
615,9.609375,-3.03
616,9.625,-9.46
617,9.640625,-14.02
618,9.65625,-15.89
619,9.671875,-15.52
620,9.6875,-14.14
621,9.703125,-13.1
622,9.71875,-12.73
623,9.734375,-12.0
624,9.75,-9.14
625,9.765625,-2.72
626,9.78125,7.42
627,9.796875,20.09
628,9.8125,33.27
629,9.828125,45.07
630,9.84375,54.04
631,9.859375,59.96
632,9.875,63.71
633,9.890625,66.6
634,9.90625,69.59
635,9.921875,72.96
636,9.9375,76.32
637,9.953125,78.85
638,9.96875,79.57
639,9.984375,76.77
640,10.0,69.26
641,10.015625,56.79
642,10.03125,39.9
643,10.046875,20.48
644,10.0625,0.59
645,10.078125,-18.03
646,10.09375,-34.25
647,10.109375,-47.71
648,10.125,-60.0
649,10.140625,-72.92
650,10.15625,-87.77
651,10.171875,-104.97
652,10.1875,-124.15
653,10.203125,-144.11
654,10.21875,-162.7
655,10.234375,-176.64
656,10.25,-182.42
657,10.265625,-179.19
658,10.28125,-168.0
659,10.296875,-151.78
660,10.3125,-134.38
661,10.328125,-119.38
662,10.34375,-108.52
663,10.359375,-100.94
664,10.375,-93.21
665,10.390625,-73.0
666,10.40625,-36.27
667,10.421875,10.47
668,10.4375,53.77
669,10.453125,82.77
670,10.46875,93.99
671,10.484375,90.4
672,10.5,77.69
673,10.515625,61.9
674,10.53125,47.76
675,10.546875,36.82
676,10.5625,30.21
677,10.578125,28.76
678,10.59375,32.37
679,10.609375,36.95
680,10.625,37.8
681,10.640625,29.4
682,10.65625,9.7
683,10.671875,-17.23
684,10.6875,-43.39
685,10.703125,-58.94
686,10.71875,-56.96
687,10.734375,-36.39
688,10.75,-2.42
689,10.765625,35.25
690,10.78125,65.75
691,10.796875,81.13
692,10.8125,77.81
693,10.828125,53.68
694,10.84375,9.3
695,10.859375,-51.47
696,10.875,-121.29
697,10.890625,-184.81
698,10.90625,-223.9
699,10.921875,-227.39
700,10.9375,-196.92
701,10.953125,-144.02
702,10.96875,-83.19
703,10.984375,-26.08
704,11.0,20.14
705,11.015625,52.29
706,11.03125,70.64
707,11.046875,76.63
708,11.0625,72.5
709,11.078125,61.51
710,11.09375,48.33
711,11.109375,38.19
712,11.125,36.11
713,11.140625,45.49
714,11.15625,66.55
715,11.171875,96.22
716,11.1875,126.88
717,11.203125,148.79
718,11.21875,154.6
719,11.234375,143.37
720,11.25,121.34
721,11.265625,98.69
722,11.28125,85.76
723,11.296875,84.1
724,11.3125,90.16
725,11.328125,96.3
726,11.34375,95.15
727,11.359375,84.01
728,11.375,66.32
729,11.390625,48.97
730,11.40625,37.49
731,11.421875,32.39
732,11.4375,28.88
733,11.453125,20.71
734,11.46875,3.79
735,11.484375,-20.85
736,11.5,-47.16
737,11.515625,-67.07
738,11.53125,-74.74
739,11.546875,-69.8
740,11.5625,-57.31
741,11.578125,-44.93
742,11.59375,-38.09
743,11.609375,-38.33
744,11.625,-43.3
745,11.640625,-48.95
746,11.65625,-52.0
747,11.671875,-51.3
748,11.6875,-48.07
749,11.703125,-45.0
750,11.71875,-44.58
751,11.734375,-46.61
752,11.75,-48.85
753,11.765625,-48.59
754,11.78125,-44.4
755,11.796875,-36.8
756,11.8125,-28.16
757,11.828125,-21.77
758,11.84375,-20.62
759,11.859375,-25.87
760,11.875,-35.09
761,11.890625,-43.86
762,11.90625,-48.15
763,11.921875,-45.86
764,11.9375,-37.1
765,11.953125,-23.75
766,11.96875,-8.78
767,11.984375,4.71
768,12.0,14.76
769,12.015625,22.69
770,12.03125,31.72
771,12.046875,44.95
772,12.0625,64.1
773,12.078125,89.59
774,12.09375,120.66
775,12.109375,155.13
776,12.125,189.53
777,12.140625,210.52
778,12.15625,207.32
779,12.171875,178.78
780,12.1875,133.42
781,12.203125,82.17
782,12.21875,33.02
783,12.234375,-9.31
784,12.25,-42.33
785,12.265625,-64.96
786,12.28125,-78.58
787,12.296875,-85.17
788,12.3125,-87.26
789,12.328125,-89.32
790,12.34375,-96.63
791,12.359375,-112.29
792,12.375,-135.98
793,12.390625,-164.8
794,12.40625,-194.7
795,12.421875,-217.0
796,12.4375,-222.37
797,12.453125,-203.94
798,12.46875,-160.56
799,12.484375,-97.84
800,12.5,-25.02
801,12.515625,47.82
802,12.53125,111.58
803,12.546875,158.95
804,12.5625,185.11
805,12.578125,187.46
806,12.59375,165.21
807,12.609375,119.79
808,12.625,56.96
809,12.640625,-9.95
810,12.65625,-62.79
811,12.671875,-85.36
812,12.6875,-70.33
813,12.703125,-21.35
814,12.71875,49.34
815,12.734375,126.33
816,12.75,196.15
817,12.765625,242.49
818,12.78125,254.02
819,12.796875,232.07
820,12.8125,189.34
821,12.828125,139.39
822,12.84375,90.09
823,12.859375,44.43
824,12.875,4.04
825,12.890625,-29.52
826,12.90625,-54.67
827,12.921875,-69.45
828,12.9375,-73.16
829,12.953125,-68.04
830,12.96875,-58.91
831,12.984375,-50.71
832,13.0,-46.42
833,13.015625,-46.42
834,13.03125,-49.26
835,13.046875,-52.84
836,13.0625,-54.34
837,13.078125,-51.82
838,13.09375,-45.53
839,13.109375,-37.8
840,13.125,-31.35
841,13.140625,-27.78
842,13.15625,-27.12
843,13.171875,-28.35
844,13.1875,-30.13
845,13.203125,-30.78
846,13.21875,-29.14
847,13.234375,-25.28
848,13.25,-20.51
849,13.265625,-16.38
850,13.28125,-13.77
851,13.296875,-12.68
852,13.3125,-12.61
853,13.328125,-12.88
854,13.34375,-12.71
855,13.359375,-11.51
856,13.375,-9.31
857,13.390625,-6.7
858,13.40625,-4.37
859,13.421875,-2.75
860,13.4375,-1.86
861,13.453125,-1.54
862,13.46875,-1.53
863,13.484375,-1.52
864,13.5,-1.22
865,13.515625,-0.56
866,13.53125,0.34
867,13.546875,1.31
868,13.5625,2.2
869,13.578125,2.96
870,13.59375,3.58
871,13.609375,4.07
872,13.625,4.46
873,13.640625,4.79
874,13.65625,5.06
875,13.671875,5.31
876,13.6875,5.54
877,13.703125,5.77
878,13.71875,6.0
879,13.734375,6.25
880,13.75,6.51
881,13.765625,6.66
882,13.78125,6.78
883,13.796875,6.89
884,13.8125,7.02
885,13.828125,7.16
886,13.84375,7.31
887,13.859375,7.47
888,13.875,7.65
889,13.890625,7.85
890,13.90625,8.07
891,13.921875,8.32
892,13.9375,8.61
893,13.953125,8.93
894,13.96875,9.26
895,13.984375,9.62
896,14.0,10.0
897,14.015625,10.38
898,14.03125,10.78
899,14.046875,11.19
900,14.0625,11.62
901,14.078125,12.05
902,14.09375,12.48
903,14.109375,12.91
904,14.125,13.32
905,14.140625,13.73
906,14.15625,14.13
907,14.171875,14.51
908,14.1875,14.89
909,14.203125,15.27
910,14.21875,15.67
911,14.234375,16.08
912,14.25,16.49
913,14.265625,16.93
914,14.28125,17.37
915,14.296875,17.84
916,14.3125,18.33
917,14.328125,18.83
918,14.34375,19.34
919,14.359375,19.87
920,14.375,20.41
921,14.390625,20.94
922,14.40625,21.46
923,14.421875,21.93
924,14.4375,22.36
925,14.453125,22.72
926,14.46875,23.0
927,14.484375,23.17
928,14.5,23.23
929,14.515625,23.15
930,14.53125,22.91
931,14.546875,22.47
932,14.5625,21.8
933,14.578125,20.86
934,14.59375,19.62
935,14.609375,18.02
936,14.625,16.04
937,14.640625,13.67
938,14.65625,10.87
939,14.671875,7.59
940,14.6875,3.79
941,14.703125,-0.6
942,14.71875,-5.63
943,14.734375,-11.36
944,14.75,-17.86
945,14.765625,-25.17
946,14.78125,-33.29
947,14.796875,-42.25
948,14.8125,-52.15
949,14.828125,-63.13
950,14.84375,-75.32
951,14.859375,-88.88
952,14.875,-103.97
953,14.890625,-120.69
954,14.90625,-139.14
955,14.921875,-159.18
956,14.9375,-180.46
957,14.953125,-202.59
958,14.96875,-224.94
959,14.984375,-246.68
960,15.0,-266.84
961,15.015625,-284.35
962,15.03125,-298.02
963,15.046875,-307.09
964,15.0625,-310.68
965,15.078125,-308.06
966,15.09375,-298.87
967,15.109375,-283.03
968,15.125,-260.82
969,15.140625,-232.91
970,15.15625,-200.18
971,15.171875,-163.86
972,15.1875,-125.38
973,15.203125,-86.16
974,15.21875,-47.76
975,15.234375,-11.58
976,15.25,21.23
977,15.265625,49.82
978,15.28125,73.77
979,15.296875,93.06
980,15.3125,107.94
981,15.328125,118.81
982,15.34375,126.07
983,15.359375,130.12
984,15.375,131.29
985,15.390625,129.93
986,15.40625,126.5
987,15.421875,121.42
988,15.4375,115.25
989,15.453125,108.58
990,15.46875,101.72
991,15.484375,94.79
992,15.5,87.69
993,15.515625,80.03
994,15.53125,71.61
995,15.546875,62.46
996,15.5625,53.02
997,15.578125,44.18
998,15.59375,36.74
999,15.609375,31.27
1000,15.625,27.73
1001,15.640625,25.29
1002,15.65625,22.89
1003,15.671875,19.54
1004,15.6875,14.95
1005,15.703125,9.91
1006,15.71875,5.9
1007,15.734375,4.57
1008,15.75,6.82
1009,15.765625,12.1
1010,15.78125,18.65
1011,15.796875,23.97
1012,15.8125,26.11
1013,15.828125,24.86
1014,15.84375,21.94
1015,15.859375,20.66
1016,15.875,24.25
1017,15.890625,34.25
1018,15.90625,49.57
1019,15.921875,66.73
1020,15.9375,81.43
1021,15.953125,90.87
1022,15.96875,95.18
1023,15.984375,97.75
1024,16.0,103.45
1025,16.015625,116.27
1026,16.03125,137.49
1027,16.046875,164.98
1028,16.0625,194.71
1029,16.078125,222.63
1030,16.09375,245.52
1031,16.109375,261.02
1032,16.125,266.64
1033,16.140625,259.51
1034,16.15625,237.73
1035,16.171875,202.33
1036,16.1875,158.91
1037,16.203125,116.88
1038,16.21875,85.73
1039,16.234375,70.57
1040,16.25,69.07
1041,16.265625,72.4
1042,16.28125,70.11
1043,16.296875,55.97
1044,16.3125,31.78
1045,16.328125,6.51
1046,16.34375,-9.3
1047,16.359375,-9.92
1048,16.375,1.64
1049,16.390625,14.9
1050,16.40625,18.11
1051,16.421875,5.3
1052,16.4375,-19.69
1053,16.453125,-44.84
1054,16.46875,-56.88
1055,16.484375,-49.0
1056,16.5,-25.61
1057,16.515625,-0.44
1058,16.53125,11.14
1059,16.546875,0.85
1060,16.5625,-27.23
1061,16.578125,-58.34
1062,16.59375,-75.37
1063,16.609375,-68.48
1064,16.625,-41.19
1065,16.640625,-8.93
1066,16.65625,9.76
1067,16.671875,3.61
1068,16.6875,-24.6
1069,16.703125,-59.18
1070,16.71875,-80.53
1071,16.734375,-76.12
1072,16.75,-48.02
1073,16.765625,-11.98
1074,16.78125,11.57
1075,16.796875,8.94
1076,16.8125,-18.85
1077,16.828125,-56.59
1078,16.84375,-83.83
1079,16.859375,-86.46
1080,16.875,-64.78
1081,16.890625,-33.1
1082,16.90625,-10.78
1083,16.921875,-10.88
1084,16.9375,-32.39
1085,16.953125,-61.04
1086,16.96875,-78.23
1087,16.984375,-72.25
1088,17.0,-45.35
1089,17.015625,-12.45
1090,17.03125,8.09
1091,17.046875,5.29
1092,17.0625,-17.8
1093,17.078125,-45.9
1094,17.09375,-60.72
1095,17.109375,-51.6
1096,17.125,-21.71
1097,17.140625,13.63
1098,17.15625,36.05
1099,17.171875,34.51
1100,17.1875,11.46
1101,17.203125,-18.53
1102,17.21875,-37.48
1103,17.234375,-34.11
1104,17.25,-10.26
1105,17.265625,20.12
1106,17.28125,39.28
1107,17.296875,35.72
1108,17.3125,11.04
1109,17.328125,-20.64
1110,17.34375,-40.68
1111,17.359375,-36.29
1112,17.375,-8.04
1113,17.390625,29.96
1114,17.40625,57.86
1115,17.421875,60.96
1116,17.4375,37.98
1117,17.453125,2.08
1118,17.46875,-26.69
1119,17.484375,-32.57
1120,17.5,-13.11
1121,17.515625,19.11
1122,17.53125,43.88
1123,17.546875,44.86
1124,17.5625,19.24
1125,17.578125,-20.43
1126,17.59375,-53.33
1127,17.609375,-62.42
1128,17.625,-44.29
1129,17.640625,-11.24
1130,17.65625,16.15
1131,17.671875,21.0
1132,17.6875,0.03
1133,17.703125,-34.39
1134,17.71875,-61.92
1135,17.734375,-65.98
1136,17.75,-43.49
1137,17.765625,-6.82
1138,17.78125,24.01
1139,17.796875,32.76
1140,17.8125,16.47
1141,17.828125,-12.5
1142,17.84375,-34.33
1143,17.859375,-33.02
1144,17.875,-5.79
1145,17.890625,34.68
1146,17.90625,67.68
1147,17.921875,76.05
1148,17.9375,55.87
1149,17.953125,18.89
1150,17.96875,-14.21
1151,17.984375,-25.8
1152,18.0,-11.15
1153,18.015625,18.73
1154,18.03125,43.89
1155,18.046875,47.21
1156,18.0625,24.53
1157,18.078125,-12.82
1158,18.09375,-44.76
1159,18.109375,-54.13
1160,18.125,-36.8
1161,18.140625,-4.18
1162,18.15625,23.78
1163,18.171875,30.11
1164,18.1875,10.85
1165,18.203125,-22.57
1166,18.21875,-50.33
1167,18.234375,-55.85
1168,18.25,-35.61
1169,18.265625,-1.58
1170,18.28125,25.96
1171,18.296875,30.2
1172,18.3125,7.56
1173,18.328125,-29.57
1174,18.34375,-60.34
1175,18.359375,-67.04
1176,18.375,-45.12
1177,18.390625,-6.01
1178,18.40625,29.75
1179,18.421875,44.11
1180,18.4375,31.69
1181,18.453125,2.4
1182,18.46875,-24.58
1183,18.484375,-32.32
1184,18.5,-15.97
1185,18.515625,14.43
1186,18.53125,40.14
1187,18.546875,45.1
1188,18.5625,25.32
1189,18.578125,-8.06
1190,18.59375,-35.9
1191,18.609375,-42.08
1192,18.625,-23.15
1193,18.640625,9.1
1194,18.65625,35.01
1195,18.671875,38.36
1196,18.6875,16.21
1197,18.703125,-19.29
1198,18.71875,-47.82
1199,18.734375,-52.95
1200,18.75,-31.63
1201,18.765625,3.95
1202,18.78125,33.52
1203,18.796875,40.66
1204,18.8125,22.01
1205,18.828125,-10.42
1206,18.84375,-36.91
1207,18.859375,-41.26
1208,18.875,-20.11
1209,18.890625,14.75
1210,18.90625,43.7
1211,18.921875,50.4
1212,18.9375,31.29
1213,18.953125,-2.5
1214,18.96875,-31.52
1215,18.984375,-39.59
1216,19.0,-22.97
1217,19.015625,7.47
1218,19.03125,32.83
1219,19.046875,37.54
1220,19.0625,18.29
1221,19.078125,-13.44
1222,19.09375,-38.56
1223,19.109375,-41.23
1224,19.125,-18.14
1225,19.140625,18.96
1226,19.15625,50.26
1227,19.171875,58.89
1228,19.1875,40.7
1229,19.203125,6.42
1230,19.21875,-24.47
1231,19.234375,-35.42
1232,19.25,-22.21
1233,19.265625,4.45
1234,19.28125,25.46
1235,19.296875,24.73
1236,19.3125,-1.3
1237,19.328125,-40.53
1238,19.34375,-72.07
1239,19.359375,-77.48
1240,19.375,-51.16
1241,19.390625,-3.94
1242,19.40625,42.79
1243,19.421875,68.56
1244,19.4375,64.72
1245,19.453125,38.43
1246,19.46875,7.92
1247,19.484375,-8.81
1248,19.5,-4.26
1249,19.515625,14.17
1250,19.53125,29.44
1251,19.546875,25.72
1252,19.5625,-1.56
1253,19.578125,-41.58
1254,19.59375,-74.41
1255,19.609375,-82.21
1256,19.625,-59.91
1257,19.640625,-18.84
1258,19.65625,19.55
1259,19.671875,35.83
1260,19.6875,23.45
1261,19.703125,-7.69
1262,19.71875,-37.34
1263,19.734375,-47.16
1264,19.75,-31.17
1265,19.765625,0.55
1266,19.78125,28.26
1267,19.796875,34.27
1268,19.8125,13.33
1269,19.828125,-23.77
1270,19.84375,-56.66
1271,19.859375,-67.04
1272,19.875,-49.18
1273,19.890625,-13.04
1274,19.90625,21.77
1275,19.921875,37.76
1276,19.9375,29.52
1277,19.953125,6.67
1278,19.96875,-12.64
1279,19.984375,-12.98
1280,20.0,8.99
1281,20.015625,41.92
1282,20.03125,66.89
1283,20.046875,68.56
1284,20.0625,44.34
1285,20.078125,6.56
1286,20.09375,-24.8
1287,20.109375,-33.56
1288,20.125,-16.7
1289,20.140625,13.86
1290,20.15625,38.11
1291,20.171875,39.8
1292,20.1875,15.59
1293,20.203125,-22.5
1294,20.21875,-54.06
1295,20.234375,-61.85
1296,20.25,-41.34
1297,20.265625,-3.85
1298,20.28125,30.2
1299,20.296875,42.44
1300,20.3125,26.9
1301,20.328125,-6.82
1302,20.34375,-39.17
1303,20.359375,-52.04
1304,20.375,-39.01
1305,20.390625,-8.86
1306,20.40625,19.9
1307,20.421875,30.26
1308,20.4375,16.54
1309,20.453125,-11.82
1310,20.46875,-36.4
1311,20.484375,-40.76
1312,20.5,-20.3
1313,20.515625,14.35
1314,20.53125,43.85
1315,20.546875,51.45
1316,20.5625,32.95
1317,20.578125,-0.49
1318,20.59375,-28.87
1319,20.609375,-35.21
1320,20.625,-15.38
1321,20.640625,19.2
1322,20.65625,48.23
1323,20.671875,54.55
1324,20.6875,33.89
1325,20.703125,-2.23
1326,20.71875,-33.44
1327,20.734375,-42.4
1328,20.75,-24.61
1329,20.765625,8.64
1330,20.78125,37.15
1331,20.796875,43.47
1332,20.8125,22.99
1333,20.828125,-13.26
1334,20.84375,-44.93
1335,20.859375,-54.07
1336,20.875,-35.07
1337,20.890625,1.9
1338,20.90625,37.05
1339,20.921875,52.24
1340,20.9375,41.0
1341,20.953125,12.24
1342,20.96875,-15.59
1343,20.984375,-25.51
1344,21.0,-11.87
1345,21.015625,16.04
1346,21.03125,39.95
1347,21.046875,43.61
1348,21.0625,22.71
1349,21.078125,-11.94
1350,21.09375,-40.61
1351,21.109375,-46.23
1352,21.125,-24.38
1353,21.140625,13.58
1354,21.15625,46.92
1355,21.171875,57.47
1356,21.1875,39.82
1357,21.203125,4.6
1358,21.21875,-27.91
1359,21.234375,-39.67
1360,21.25,-25.03
1361,21.265625,5.87
1362,21.28125,33.3
1363,21.296875,39.56
1364,21.3125,19.12
1365,21.328125,-17.76
1366,21.34375,-51.03
1367,21.359375,-62.16
1368,21.375,-44.49
1369,21.390625,-7.26
1370,21.40625,29.9
1371,21.421875,48.05
1372,21.4375,39.36
1373,21.453125,11.49
1374,21.46875,-17.42
1375,21.484375,-29.71
1376,21.5,-18.35
1377,21.515625,8.67
1378,21.53125,33.54
1379,21.546875,39.54
1380,21.5625,21.12
1381,21.578125,-11.99
1382,21.59375,-40.56
1383,21.609375,-47.15
1384,21.625,-26.47
1385,21.640625,11.02
1386,21.65625,44.98
1387,21.671875,57.08
1388,21.6875,41.34
1389,21.703125,7.74
1390,21.71875,-23.67
1391,21.734375,-34.67
1392,21.75,-19.07
1393,21.765625,13.54
1394,21.78125,43.4
1395,21.796875,52.0
1396,21.8125,32.37
1397,21.828125,-6.67
1398,21.84375,-45.53
1399,21.859375,-64.76
1400,21.875,-55.53
1401,21.890625,-24.53
1402,21.90625,10.4
1403,21.921875,30.64
1404,21.9375,27.17
1405,21.953125,5.59
1406,21.96875,-17.83
1407,21.984375,-26.34
1408,22.0,-12.75
1409,22.015625,15.8
1410,22.03125,42.11
1411,22.046875,49.38
1412,22.0625,31.26
1413,22.078125,-3.54
1414,22.09375,-36.17
1415,22.109375,-48.42
1416,22.125,-33.14
1417,22.140625,1.31
1418,22.15625,35.82
1419,22.171875,51.64
1420,22.1875,40.9
1421,22.203125,10.98
1422,22.21875,-19.89
1423,22.234375,-33.74
1424,22.25,-23.1
1425,22.265625,4.5
1426,22.28125,30.89
1427,22.296875,38.07
1428,22.3125,18.5
1429,22.328125,-19.88
1430,22.34375,-57.93
1431,22.359375,-75.66
1432,22.375,-63.09
1433,22.390625,-26.02
1434,22.40625,17.21
1435,22.421875,45.78
1436,22.4375,47.33
1437,22.453125,24.44
1438,22.46875,-7.57
1439,22.484375,-29.94
1440,22.5,-31.11
1441,22.515625,-13.14
1442,22.53125,10.08
1443,22.546875,21.92
1444,22.5625,13.16
1445,22.578125,-11.77
1446,22.59375,-37.32
1447,22.609375,-46.08
1448,22.625,-29.24
1449,22.640625,7.4
1450,22.65625,46.2
1451,22.671875,67.45
1452,22.6875,60.28
1453,22.703125,28.89
1454,22.71875,-9.86
1455,22.734375,-36.45
1456,22.75,-39.57
1457,22.765625,-22.22
1458,22.78125,0.5
1459,22.796875,11.34
1460,22.8125,1.37
1461,22.828125,-24.14
1462,22.84375,-48.71
1463,22.859375,-54.45
1464,22.875,-32.77
1465,22.890625,9.71
1466,22.90625,54.07
1467,22.921875,79.13
1468,22.9375,72.61
1469,22.953125,38.03
1470,22.96875,-7.3
1471,22.984375,-41.72
1472,23.0,-50.53
1473,23.015625,-33.56
1474,23.03125,-4.39
1475,23.046875,18.32
1476,23.0625,21.64
1477,23.078125,5.96
1478,23.09375,-15.88
1479,23.109375,-27.16
1480,23.125,-17.86
1481,23.140625,8.5
1482,23.15625,36.57
1483,23.171875,48.53
1484,23.1875,34.88
1485,23.203125,0.94
1486,23.21875,-35.55
1487,23.234375,-54.3
1488,23.25,-43.79
1489,23.265625,-8.04
1490,23.28125,35.27
1491,23.296875,64.55
1492,23.3125,65.83
1493,23.328125,40.13
1494,23.34375,2.38
1495,23.359375,-27.66
1496,23.375,-36.6
1497,23.390625,-24.71
1498,23.40625,-5.02
1499,23.421875,5.6
1500,23.4375,-2.94
1501,23.453125,-27.22
1502,23.46875,-51.93
1503,23.484375,-59.33
1504,23.5,-39.97
1505,23.515625,0.66
1506,23.53125,44.19
1507,23.546875,69.21
1508,23.5625,62.69
1509,23.578125,27.5
1510,23.59375,-19.01
1511,23.609375,-54.31
1512,23.625,-62.54
1513,23.640625,-42.69
1514,23.65625,-8.65
1515,23.671875,19.38
1516,23.6875,26.29
1517,23.703125,10.44
1518,23.71875,-15.89
1519,23.734375,-34.72
1520,23.75,-33.18
1521,23.765625,-11.58
1522,23.78125,16.75
1523,23.796875,33.83
1524,23.8125,27.89
1525,23.828125,1.03
1526,23.84375,-31.63
1527,23.859375,-50.53
1528,23.875,-42.95
1529,23.890625,-10.63
1530,23.90625,30.77
1531,23.921875,60.45
1532,23.9375,63.8
1533,23.953125,40.43
1534,23.96875,4.04
1535,23.984375,-26.02
1536,24.0,-35.9
1537,24.015625,-24.9
1538,24.03125,-5.3
1539,24.046875,6.18
1540,24.0625,-1.03
1541,24.078125,-24.26
1542,24.09375,-48.84
1543,24.109375,-57.11
1544,24.125,-39.11
1545,24.140625,0.61
1546,24.15625,44.43
1547,24.171875,71.16
1548,24.1875,67.27
1549,24.203125,34.45
1550,24.21875,-10.88
1551,24.234375,-46.52
1552,24.25,-55.96
1553,24.265625,-37.01
1554,24.28125,-2.68
1555,24.296875,26.59
1556,24.3125,34.23
1557,24.328125,16.84
1558,24.34375,-14.49
1559,24.359375,-41.24
1560,24.375,-48.56
1561,24.390625,-34.15
1562,24.40625,-9.21
1563,24.421875,9.19
1564,24.4375,8.88
1565,24.453125,-9.44
1566,24.46875,-32.29
1567,24.484375,-42.09
1568,24.5,-27.97
1569,24.515625,6.87
1570,24.53125,45.83
1571,24.546875,68.27
1572,24.5625,60.85
1573,24.578125,25.34
1574,24.59375,-21.75
1575,24.609375,-58.02
1576,24.625,-67.13
1577,24.640625,-47.29
1578,24.65625,-12.1
1579,24.671875,17.54
1580,24.6875,25.08
1581,24.703125,7.35
1582,24.71875,-23.98
1583,24.734375,-49.84
1584,24.75,-54.9
1585,24.765625,-36.7
1586,24.78125,-6.84
1587,24.796875,16.43
1588,24.8125,19.17
1589,24.828125,0.56
1590,24.84375,-26.29
1591,24.859375,-42.17
1592,24.875,-33.04
1593,24.890625,1.26
1594,24.90625,46.02
1595,24.921875,79.9
1596,24.9375,86.58
1597,24.953125,63.92
1598,24.96875,25.51
1599,24.984375,-7.37
1600,25.0,-17.52
1601,25.015625,-1.48
1602,25.03125,28.65
1603,25.046875,52.83
1604,25.0625,54.83
1605,25.078125,31.94
1606,25.09375,-3.39
1607,25.109375,-31.18
1608,25.125,-35.68
1609,25.140625,-14.82
1610,25.15625,18.36
1611,25.171875,43.71
1612,25.1875,45.63
1613,25.203125,22.44
1614,25.21875,-12.35
1615,25.234375,-38.01
1616,25.25,-38.41
1617,25.265625,-11.46
1618,25.28125,29.45
1619,25.296875,63.25
1620,25.3125,73.06
1621,25.328125,55.53
1622,25.34375,22.49
1623,25.359375,-6.9
1624,25.375,-17.49
1625,25.390625,-6.99
1626,25.40625,12.95
1627,25.421875,24.77
1628,25.4375,16.07
1629,25.453125,-12.23
1630,25.46875,-45.75
1631,25.484375,-65.29
1632,25.5,-58.04
1633,25.515625,-25.66
1634,25.53125,15.8
1635,25.546875,44.76
1636,25.5625,45.8
1637,25.578125,18.3
1638,25.59375,-23.01
1639,25.609375,-56.3
1640,25.625,-64.68
1641,25.640625,-45.3
1642,25.65625,-11.03
1643,25.671875,17.34
1644,25.6875,22.82
1645,25.703125,1.95
1646,25.71875,-33.04
1647,25.734375,-61.77
1648,25.75,-67.22
1649,25.765625,-45.78
1650,25.78125,-9.33
1651,25.796875,22.14
1652,25.8125,32.14
1653,25.828125,17.5
1654,25.84375,-9.65
1655,25.859375,-29.38
1656,25.875,-25.63
1657,25.890625,4.0
1658,25.90625,46.45
1659,25.921875,80.76
1660,25.9375,90.02
1661,25.953125,70.91
1662,25.96875,35.47
1663,25.984375,3.3
1664,26.0,-10.11
1665,26.015625,-2.23
1666,26.03125,15.5
1667,26.046875,25.76
1668,26.0625,16.49
1669,26.078125,-11.08
1670,26.09375,-42.72
1671,26.109375,-59.82
1672,26.125,-50.45
1673,26.140625,-16.96
1674,26.15625,24.51
1675,26.171875,53.14
1676,26.1875,54.58
1677,26.203125,28.85
1678,26.21875,-9.43
1679,26.234375,-39.49
1680,26.25,-45.71
1681,26.265625,-25.91
1682,26.28125,7.28
1683,26.296875,34.0
1684,26.3125,38.36
1685,26.328125,17.48
1686,26.34375,-16.81
1687,26.359375,-44.95
1688,26.375,-51.07
1689,26.390625,-32.28
1690,26.40625,-0.28
1691,26.421875,25.75
1692,26.4375,30.62
1693,26.453125,12.28
1694,26.46875,-16.78
1695,26.484375,-37.15
1696,26.5,-33.82
1697,26.515625,-5.26
1698,26.53125,34.98
1699,26.546875,66.29
1700,26.5625,72.28
1701,26.578125,50.09
1702,26.59375,12.55
1703,26.609375,-19.62
1704,26.625,-29.15
1705,26.640625,-11.86
1706,26.65625,20.69
1707,26.671875,48.28
1708,26.6875,53.65
1709,26.703125,32.36
1710,26.71875,-4.49
1711,26.734375,-36.86
1712,26.75,-47.73
1713,26.765625,-32.9
1714,26.78125,-3.44
1715,26.796875,21.15
1716,26.8125,24.86
1717,26.828125,4.81
1718,26.84375,-27.02
1719,26.859375,-51.12
1720,26.875,-52.19
1721,26.890625,-28.46
1722,26.90625,7.0
1723,26.921875,34.18
1724,26.9375,37.7
1725,26.953125,15.91
1726,26.96875,-17.64
1727,26.984375,-42.42
1728,27.0,-42.34
1729,27.015625,-15.09
1730,27.03125,25.89
1731,27.046875,59.23
1732,27.0625,67.29
1733,27.078125,45.96
1734,27.09375,7.29
1735,27.109375,-27.69
1736,27.125,-40.81
1737,27.140625,-26.99
1738,27.15625,2.79
1739,27.171875,28.13
1740,27.1875,31.31
1741,27.203125,7.81
1742,27.21875,-30.9
1743,27.234375,-63.86
1744,27.25,-73.08
1745,27.265625,-54.07
1746,27.28125,-18.46
1747,27.296875,13.07
1748,27.3125,23.09
1749,27.328125,7.74
1750,27.34375,-21.24
1751,27.359375,-44.0
1752,27.375,-44.77
1753,27.390625,-21.46
1754,27.40625,13.05
1755,27.421875,39.12
1756,27.4375,42.14
1757,27.453125,21.29
1758,27.46875,-9.68
1759,27.484375,-31.18
1760,27.5,-29.07
1761,27.515625,-2.98
1762,27.53125,33.08
1763,27.546875,59.16
1764,27.5625,60.5
1765,27.578125,35.87
1766,27.59375,-1.46
1767,27.609375,-31.47
1768,27.625,-38.39
1769,27.640625,-19.48
1770,27.65625,13.31
1771,27.671875,40.33
1772,27.6875,45.19
1773,27.703125,24.07
1774,27.71875,-12.38
1775,27.734375,-45.31
1776,27.75,-58.81
1777,27.765625,-48.97
1778,27.78125,-25.7
1779,27.796875,-6.03
1780,27.8125,-3.44
1781,27.828125,-19.36
1782,27.84375,-42.46
1783,27.859375,-55.88
1784,27.875,-47.95
1785,27.890625,-19.65
1786,27.90625,15.42
1787,27.921875,39.21
1788,27.9375,39.76
1789,27.953125,18.46
1790,27.96875,-10.22
1791,27.984375,-27.15
1792,28.0,-19.03
1793,28.015625,13.96
1794,28.03125,57.59
1795,28.046875,91.46
1796,28.0625,99.65
1797,28.078125,79.14
1798,28.09375,41.6
1799,28.109375,6.39
1800,28.125,-10.08
1801,28.140625,-3.32
1802,28.15625,16.8
1803,28.171875,32.49
1804,28.1875,28.78
1805,28.203125,2.81
1806,28.21875,-34.09
1807,28.234375,-62.76
1808,28.25,-67.73
1809,28.265625,-46.56
1810,28.28125,-11.72
1811,28.296875,16.56
1812,28.3125,22.1
1813,28.328125,2.17
1814,28.34375,-30.71
1815,28.359375,-56.06
1816,28.375,-57.32
1817,28.390625,-31.25
1818,28.40625,9.96
1819,28.421875,45.69
1820,28.4375,58.4
1821,28.453125,43.3
1822,28.46875,11.27
1823,28.484375,-17.83
1824,28.5,-26.08
1825,28.515625,-7.57
1826,28.53125,27.8
1827,28.546875,60.25
1828,28.5625,71.01
1829,28.578125,53.05
1830,28.59375,15.41
1831,28.609375,-22.22
1832,28.625,-40.69
1833,28.640625,-32.47
1834,28.65625,-6.13
1835,28.671875,19.13
1836,28.6875,25.21
1837,28.703125,5.93
1838,28.71875,-29.43
1839,28.734375,-61.49
1840,28.75,-72.85
1841,28.765625,-58.08
1842,28.78125,-26.52
1843,28.796875,3.75
1844,28.8125,16.95
1845,28.828125,8.64
1846,28.84375,-12.36
1847,28.859375,-29.98
1848,28.875,-30.79
1849,28.890625,-12.0
1850,28.90625,17.04
1851,28.921875,40.64
1852,28.9375,45.9
1853,28.953125,30.21
1854,28.96875,3.24
1855,28.984375,-19.04
1856,29.0,-23.07
1857,29.015625,-5.65
1858,29.03125,23.45
1859,29.046875,47.27
1860,29.0625,50.94
1861,29.078125,30.57
1862,29.09375,-4.0
1863,29.109375,-34.71
1864,29.125,-45.6
1865,29.140625,-32.22
1866,29.15625,-4.39
1867,29.171875,19.49
1868,29.1875,23.74
1869,29.203125,4.72
1870,29.21875,-27.21
1871,29.234375,-53.59
1872,29.25,-59.39
1873,29.265625,-41.77
1874,29.28125,-11.3
1875,29.296875,14.55
1876,29.3125,21.93
1877,29.328125,8.73
1878,29.34375,-14.39
1879,29.359375,-30.72
1880,29.375,-27.01
1881,29.390625,-1.17
1882,29.40625,36.03
1883,29.421875,67.18
1884,29.4375,77.29
1885,29.453125,61.94
1886,29.46875,30.15
1887,29.484375,-1.13
1888,29.5,-16.07
1889,29.515625,-8.74
1890,29.53125,13.18
1891,29.546875,33.33
1892,29.5625,36.42
1893,29.578125,17.45
1894,29.59375,-15.12
1895,29.609375,-43.9
1896,29.625,-53.22
1897,29.640625,-38.38
1898,29.65625,-8.22
1899,29.671875,19.95
1900,29.6875,30.92
1901,29.703125,20.12
1902,29.71875,-4.15
1903,29.734375,-26.14
1904,29.75,-32.13
1905,29.765625,-18.4
1906,29.78125,6.84
1907,29.796875,28.65
1908,29.8125,33.97
1909,29.828125,19.28
1910,29.84375,-6.98
1911,29.859375,-29.74
1912,29.875,-35.56
1913,29.890625,-20.56
1914,29.90625,6.59
1915,29.921875,29.83
1916,29.9375,34.72
1917,29.953125,16.98
1918,29.96875,-14.25
1919,29.984375,-41.82
1920,30.0,-50.24
1921,30.015625,-34.97
1922,30.03125,-5.48
1923,30.046875,20.31
1924,30.0625,26.82
1925,30.078125,9.99
1926,30.09375,-20.44
1927,30.109375,-46.64
1928,30.125,-53.8
1929,30.140625,-38.77
1930,30.15625,-11.41
1931,30.171875,11.59
1932,30.1875,17.19
1933,30.203125,3.57
1934,30.21875,-18.92
1935,30.234375,-34.36
1936,30.25,-30.81
1937,30.265625,-7.21
1938,30.28125,25.73
1939,30.296875,51.74
1940,30.3125,57.89
1941,30.328125,41.58
1942,30.34375,12.47
1943,30.359375,-12.98
1944,30.375,-19.95
1945,30.390625,-3.17
1946,30.40625,29.62
1947,30.421875,61.68
1948,30.4375,75.88
1949,30.453125,63.89
1950,30.46875,31.24
1951,30.484375,-5.51
1952,30.5,-27.64
1953,30.515625,-24.56
1954,30.53125,-0.13
1955,30.546875,29.71
1956,30.5625,46.23
1957,30.578125,38.79
1958,30.59375,11.33
1959,30.609375,-20.02
1960,30.625,-36.76
1961,30.640625,-29.26
1962,30.65625,-2.85
1963,30.671875,25.39
1964,30.6875,37.11
1965,30.703125,23.89
1966,30.71875,-7.19
1967,30.734375,-37.85
1968,30.75,-49.65
1969,30.765625,-35.18
1970,30.78125,-2.92
1971,30.796875,27.92
1972,30.8125,38.81
1973,30.828125,22.91
1974,30.84375,-10.66
1975,30.859375,-42.46
1976,30.875,-54.28
1977,30.890625,-39.56
1978,30.90625,-7.34
1979,30.921875,23.66
1980,30.9375,36.22
1981,30.953125,24.5
1982,30.96875,-2.66
1983,30.984375,-27.61
1984,31.0,-34.71
1985,31.015625,-19.45
1986,31.03125,8.76
1987,31.046875,32.63
1988,31.0625,37.46
1989,31.078125,19.79
1990,31.09375,-10.31
1991,31.109375,-35.22
1992,31.125,-40.12
1993,31.140625,-21.36
1994,31.15625,11.15
1995,31.171875,39.64
1996,31.1875,48.66
1997,31.203125,33.58
1998,31.21875,3.37
1999,31.234375,-24.51
2000,31.25,-34.06
2001,31.265625,-19.41
2002,31.28125,11.56
2003,31.296875,41.64
2004,31.3125,54.01
2005,31.328125,41.44
2006,31.34375,10.61
2007,31.359375,-21.51
2008,31.375,-37.21
2009,31.390625,-27.75
2010,31.40625,1.37
2011,31.421875,33.26
2012,31.4375,49.19
2013,31.453125,38.93
2014,31.46875,6.87
2015,31.484375,-30.01
2016,31.5,-51.51
2017,31.515625,-45.27
2018,31.53125,-14.05
2019,31.546875,25.32
2020,31.5625,51.15
2021,31.578125,48.59
2022,31.59375,18.17
2023,31.609375,-24.15
2024,31.625,-55.82
2025,31.640625,-59.97
2026,31.65625,-34.98
2027,31.671875,4.45
2028,31.6875,35.75
2029,31.703125,41.09
2030,31.71875,17.58
2031,31.734375,-21.26
2032,31.75,-53.72
2033,31.765625,-62.56
2034,31.78125,-45.04
2035,31.796875,-14.17
2036,31.8125,9.73
2037,31.828125,11.37
2038,31.84375,-10.2
2039,31.859375,-41.27
2040,31.875,-62.4
2041,31.890625,-60.43
2042,31.90625,-36.61
2043,31.921875,-5.66
2044,31.9375,13.72
2045,31.953125,10.31
2046,31.96875,-12.65
2047,31.984375,-39.5
2048,32.0,-52.14
2049,32.015625,-41.0
2050,32.03125,-10.88
2051,32.046875,21.71
2052,32.0625,38.83
2053,32.078125,31.54
2054,32.09375,5.32
2055,32.109375,-22.96
2056,32.125,-35.12
2057,32.140625,-21.93
2058,32.15625,11.37
2059,32.171875,47.66
2060,32.1875,67.62
2061,32.203125,60.1
2062,32.21875,28.45
2063,32.234375,-10.98
2064,32.25,-37.82
2065,32.265625,-38.33
2066,32.28125,-13.0
2067,32.296875,23.71
2068,32.3125,51.49
2069,32.328125,55.12
2070,32.34375,33.07
2071,32.359375,-1.88
2072,32.375,-30.15
2073,32.390625,-36.58
2074,32.40625,-19.48
2075,32.421875,8.74
2076,32.4375,29.21
2077,32.453125,28.0
2078,32.46875,4.75
2079,32.484375,-26.96
2080,32.5,-48.07
2081,32.515625,-45.48
2082,32.53125,-20.16
2083,32.546875,13.1
2084,32.5625,34.84
2085,32.578125,32.36
2086,32.59375,7.42
2087,32.609375,-24.33
2088,32.625,-42.78
2089,32.640625,-34.72
2090,32.65625,-1.78
2091,32.671875,39.91
2092,32.6875,68.82
2093,32.703125,69.6
2094,32.71875,41.57
2095,32.734375,-0.95
2096,32.75,-36.9
2097,32.765625,-50.13
2098,32.78125,-38.18
2099,32.796875,-13.04
2100,32.8125,6.56
2101,32.828125,6.38
2102,32.84375,-14.71
2103,32.859375,-44.28
2104,32.875,-64.25
2105,32.890625,-61.87
2106,32.90625,-37.76
2107,32.921875,-5.55
2108,32.9375,16.64
2109,32.953125,17.08
2110,32.96875,-2.18
2111,32.984375,-26.19
2112,33.0,-36.19
2113,33.015625,-20.61
2114,33.03125,17.67
2115,33.046875,62.0
2116,33.0625,91.19
2117,33.078125,90.85
2118,33.09375,61.48
2119,33.109375,18.62
2120,33.125,-15.71
2121,33.140625,-24.62
2122,33.15625,-5.49
2123,33.171875,28.84
2124,33.1875,57.67
2125,33.203125,64.09
2126,33.21875,44.52
2127,33.234375,10.34
2128,33.25,-19.28
2129,33.265625,-28.86
2130,33.28125,-15.95
2131,33.296875,7.9
2132,33.3125,24.81
2133,33.328125,21.77
2134,33.34375,-0.94
2135,33.359375,-29.61
2136,33.375,-45.7
2137,33.390625,-36.97
2138,33.40625,-5.33
2139,33.421875,33.5
2140,33.4375,59.08
2141,33.453125,57.5
2142,33.46875,29.34
2143,33.484375,-10.18
2144,33.5,-39.93
2145,33.515625,-44.07
2146,33.53125,-20.68
2147,33.546875,17.06
2148,33.5625,48.52
2149,33.578125,56.94
2150,33.59375,38.56
2151,33.609375,4.55
2152,33.625,-25.85
2153,33.640625,-36.55
2154,33.65625,-23.96
2155,33.671875,1.02
2156,33.6875,19.95
2157,33.703125,17.99
2158,33.71875,-6.85
2159,33.734375,-42.25
2160,33.75,-69.06
2161,33.765625,-72.57
2162,33.78125,-51.41
2163,33.796875,-18.46
2164,33.8125,7.14
2165,33.828125,11.18
2166,33.84375,-7.07
2167,33.859375,-34.14
2168,33.875,-50.68
2169,33.890625,-42.65
2170,33.90625,-9.83
2171,33.921875,33.15
2172,33.9375,65.2
2173,33.953125,70.11
2174,33.96875,45.73
2175,33.984375,5.62
2176,34.0,-28.81
2177,34.015625,-39.89
2178,34.03125,-23.4
2179,34.046875,8.96
2180,34.0625,36.8
2181,34.078125,42.62
2182,34.09375,22.11
2183,34.109375,-13.31
2184,34.125,-43.17
2185,34.140625,-49.96
2186,34.15625,-29.46
2187,34.171875,6.44
2188,34.1875,36.8
2189,34.203125,43.72
2190,34.21875,22.88
2191,34.234375,-13.82
2192,34.25,-45.41
2193,34.265625,-54.15
2194,34.28125,-35.82
2195,34.296875,-2.26
2196,34.3125,26.12
2197,34.328125,32.32
2198,34.34375,12.8
2199,34.359375,-20.48
2200,34.375,-47.56
2201,34.390625,-52.21
2202,34.40625,-31.43
2203,34.421875,2.79
2204,34.4375,31.21
2205,34.453125,38.57
2206,34.46875,22.53
2207,34.484375,-4.79
2208,34.5,-24.63
2209,34.515625,-22.47
2210,34.53125,3.28
2211,34.546875,39.95
2212,34.5625,68.12
2213,34.578125,72.65
2214,34.59375,51.45
2215,34.609375,17.16
2216,34.625,-10.23
2217,34.640625,-14.44
2218,34.65625,7.84
2219,34.671875,44.61
2220,34.6875,75.51
2221,34.703125,83.02
2222,34.71875,62.41
2223,34.734375,24.48
2224,34.75,-10.72
2225,34.765625,-25.32
2226,34.78125,-13.76
2227,34.796875,13.91
2228,34.8125,38.32
2229,34.828125,42.23
2230,34.84375,20.87
2231,34.859375,-14.96
2232,34.875,-45.29
2233,34.890625,-52.71
2234,34.90625,-32.75
2235,34.921875,3.03
2236,34.9375,33.87
2237,34.953125,41.82
2238,34.96875,22.09
2239,34.984375,-14.01
2240,35.0,-46.09
2241,35.015625,-56.81
2242,35.03125,-41.91
2243,35.046875,-12.77
2244,35.0625,10.77
2245,35.078125,12.39
2246,35.09375,-11.01
2247,35.109375,-47.0
2248,35.125,-75.18
2249,35.140625,-78.97
2250,35.15625,-55.24
2251,35.171875,-16.49
2252,35.1875,16.73
2253,35.203125,27.53
2254,35.21875,12.26
2255,35.234375,-17.11
2256,35.25,-40.5
2257,35.265625,-41.18
2258,35.28125,-15.49
2259,35.296875,24.48
2260,35.3125,58.09
2261,35.328125,67.66
2262,35.34375,48.47
2263,35.359375,11.73
2264,35.375,-22.21
2265,35.390625,-35.44
2266,35.40625,-22.64
2267,35.421875,5.8
2268,35.4375,30.25
2269,35.453125,33.62
2270,35.46875,11.44
2271,35.484375,-25.14
2272,35.5,-55.86
2273,35.515625,-63.37
2274,35.53125,-43.39
2275,35.546875,-7.63
2276,35.5625,23.11
2277,35.578125,31.0
2278,35.59375,11.53
2279,35.609375,-23.78
2280,35.625,-54.29
2281,35.640625,-62.52
2282,35.65625,-44.12
2283,35.671875,-10.43
2284,35.6875,18.69
2285,35.703125,26.76
2286,35.71875,10.35
2287,35.734375,-18.44
2288,35.75,-39.52
2289,35.765625,-36.36
2290,35.78125,-5.65
2291,35.796875,39.97
2292,35.8125,79.16
2293,35.828125,93.38
2294,35.84375,76.98
2295,35.859375,40.44
2296,35.875,3.99
2297,35.890625,-13.91
2298,35.90625,-6.66
2299,35.921875,16.72
2300,35.9375,37.54
2301,35.953125,38.84
2302,35.96875,15.63
2303,35.984375,-21.52
2304,36.0,-52.58
2305,36.015625,-59.97
2306,36.03125,-39.05
2307,36.046875,-1.32
2308,36.0625,32.14
2309,36.078125,43.04
2310,36.09375,26.54
2311,36.109375,-5.93
2312,36.125,-33.53
2313,36.140625,-38.62
2314,36.15625,-17.19
2315,36.171875,18.64
2316,36.1875,47.95
2317,36.203125,53.51
2318,36.21875,32.06
2319,36.234375,-3.36
2320,36.25,-31.28
2321,36.265625,-34.08
2322,36.28125,-8.54
2323,36.296875,31.92
2324,36.3125,65.13
2325,36.328125,72.71
2326,36.34375,50.51
2327,36.359375,10.7
2328,36.375,-25.73
2329,36.390625,-41.56
2330,36.40625,-33.11
2331,36.421875,-11.67
2332,36.4375,4.09
2333,36.453125,-0.04
2334,36.46875,-25.23
2335,36.484375,-59.21
2336,36.5,-84.08
2337,36.515625,-87.15
2338,36.53125,-68.16
2339,36.546875,-38.94
2340,36.5625,-15.81
2341,36.578125,-10.27
2342,36.59375,-22.78
2343,36.609375,-43.14
2344,36.625,-57.18
2345,36.640625,-54.84
2346,36.65625,-35.69
2347,36.671875,-9.18
2348,36.6875,11.15
2349,36.703125,15.34
2350,36.71875,2.77
2351,36.734375,-16.77
2352,36.75,-28.56
2353,36.765625,-21.21
2354,36.78125,6.5
2355,36.796875,43.79
2356,36.8125,73.35
2357,36.828125,80.77
2358,36.84375,62.75
2359,36.859375,29.5
2360,36.875,-0.49
2361,36.890625,-10.67
2362,36.90625,4.25
2363,36.921875,35.41
2364,36.9375,64.85
2365,36.953125,75.83
2366,36.96875,62.35
2367,36.984375,32.6
2368,37.0,3.76
2369,37.015625,-8.05
2370,37.03125,2.78
2371,37.046875,27.66
2372,37.0625,49.35
2373,37.078125,52.15
2374,37.09375,31.33
2375,37.109375,-3.33
2376,37.125,-33.37
2377,37.140625,-42.57
2378,37.15625,-26.61
2379,37.171875,3.73
2380,37.1875,28.69
2381,37.203125,31.23
2382,37.21875,6.99
2383,37.234375,-32.48
2384,37.25,-65.84
2385,37.265625,-73.94
2386,37.28125,-50.27
2387,37.296875,-5.18
2388,37.3125,39.68
2389,37.328125,62.84
2390,37.34375,54.24
2391,37.359375,20.43
2392,37.375,-19.56
2393,37.390625,-44.98
2394,37.40625,-44.64
2395,37.421875,-22.72
2396,37.4375,4.64
2397,37.453125,19.49
2398,37.46875,12.77
2399,37.484375,-10.08
2400,37.5,-32.94
2401,37.515625,-39.26
2402,37.53125,-22.37
2403,37.546875,9.62
2404,37.5625,38.56
2405,37.578125,47.11
2406,37.59375,29.09
2407,37.609375,-6.22
2408,37.625,-39.37
2409,37.640625,-52.07
2410,37.65625,-37.6
2411,37.671875,-4.84
2412,37.6875,26.99
2413,37.703125,39.74
2414,37.71875,26.6
2415,37.734375,-3.97
2416,37.75,-33.49
2417,37.765625,-44.65
2418,37.78125,-31.33
2419,37.796875,-2.36
2420,37.8125,23.82
2421,37.828125,30.24
2422,37.84375,11.31
2423,37.859375,-23.43
2424,37.875,-54.69
2425,37.890625,-64.26
2426,37.90625,-45.09
2427,37.921875,-5.59
2428,37.9375,35.14
2429,37.953125,57.75
2430,37.96875,52.93
2431,37.984375,26.32
2432,38.0,-5.19
2433,38.015625,-23.48
2434,38.03125,-19.29
2435,38.046875,2.71
2436,38.0625,27.27
2437,38.078125,38.33
2438,38.09375,28.68
2439,38.109375,4.92
2440,38.125,-16.57
2441,38.140625,-19.4
2442,38.15625,2.83
2443,38.171875,41.85
2444,38.1875,78.99
2445,38.203125,95.39
2446,38.21875,82.42
2447,38.234375,46.62
2448,38.25,5.76
2449,38.265625,-21.38
2450,38.28125,-25.27
2451,38.296875,-10.53
2452,38.3125,7.42
2453,38.328125,12.41
2454,38.34375,-2.77
2455,38.359375,-31.52
2456,38.375,-57.12
2457,38.390625,-62.63
2458,38.40625,-40.81
2459,38.421875,0.56
2460,38.4375,42.45
2461,38.453125,64.39
2462,38.46875,55.38
2463,38.484375,19.88
2464,38.5,-24.56
2465,38.515625,-57.0
2466,38.53125,-64.09
2467,38.546875,-46.73
2468,38.5625,-18.75
2469,38.578125,2.23
2470,38.59375,5.07
2471,38.609375,-8.29
2472,38.625,-24.6
2473,38.640625,-27.97
2474,38.65625,-9.92
2475,38.671875,24.42
2476,38.6875,58.75
2477,38.703125,74.73
2478,38.71875,62.47
2479,38.734375,26.8
2480,38.75,-15.21
2481,38.765625,-43.73
2482,38.78125,-46.9
2483,38.796875,-27.22
2484,38.8125,0.3
2485,38.828125,17.54
2486,38.84375,13.74
2487,38.859375,-8.21
2488,38.875,-33.45
2489,38.890625,-44.58
2490,38.90625,-32.08
2491,38.921875,-0.64
2492,38.9375,32.92
2493,38.953125,49.27
2494,38.96875,37.48
2495,38.984375,1.8
2496,39.0,-40.13
2497,39.015625,-66.79
2498,39.03125,-64.2
2499,39.046875,-33.69
2500,39.0625,8.9
2501,39.078125,41.97
2502,39.09375,49.78
2503,39.109375,30.83
2504,39.125,-1.81
2505,39.140625,-28.8
2506,39.15625,-35.63
2507,39.171875,-20.99
2508,39.1875,2.93
2509,39.203125,18.63
2510,39.21875,14.06
2511,39.234375,-9.45
2512,39.25,-37.71
2513,39.265625,-52.16
2514,39.28125,-40.88
2515,39.296875,-6.35
2516,39.3125,35.42
2517,39.328125,63.78
2518,39.34375,64.74
2519,39.359375,38.85
2520,39.375,0.64
2521,39.390625,-30.15
2522,39.40625,-39.74
2523,39.421875,-27.78
2524,39.4375,-6.99
2525,39.453125,5.54
2526,39.46875,-1.08
2527,39.484375,-24.53
2528,39.5,-50.34
2529,39.515625,-60.8
2530,39.53125,-45.58
2531,39.546875,-8.74
2532,39.5625,32.82
2533,39.578125,58.4
2534,39.59375,54.71
2535,39.609375,23.4
2536,39.625,-19.61
2537,39.640625,-52.8
2538,39.65625,-60.51
2539,39.671875,-41.18
2540,39.6875,-7.96
2541,39.703125,19.27
2542,39.71875,25.0
2543,39.734375,6.84
2544,39.75,-23.2
2545,39.765625,-46.27
2546,39.78125,-47.61
2547,39.796875,-25.43
2548,39.8125,7.79
2549,39.828125,32.89
2550,39.84375,35.09
2551,39.859375,13.06
2552,39.875,-20.01
2553,39.890625,-44.08
2554,39.90625,-43.72
2555,39.921875,-17.31
2556,39.9375,21.6
2557,39.953125,52.18
2558,39.96875,58.07
2559,39.984375,36.61
2560,40.0,0.64
2561,40.015625,-29.62
2562,40.03125,-38.19
2563,40.046875,-22.52
2564,40.0625,5.0
2565,40.078125,25.15
2566,40.09375,23.37
2567,40.109375,-1.07
2568,40.125,-34.43
2569,40.140625,-56.35
2570,40.15625,-51.89
2571,40.171875,-20.44
2572,40.1875,23.35
2573,40.203125,57.87
2574,40.21875,66.46
2575,40.234375,46.41
2576,40.25,10.66
2577,40.265625,-20.37
2578,40.28125,-29.97
2579,40.296875,-14.43
2580,40.3125,15.16
2581,40.328125,40.23
2582,40.34375,45.63
2583,40.359375,28.82
2584,40.375,1.14
2585,40.390625,-18.94
2586,40.40625,-17.07
2587,40.421875,8.2
2588,40.4375,44.04
2589,40.453125,70.81
2590,40.46875,73.3
2591,40.484375,49.43
2592,40.5,11.96
2593,40.515625,-19.36
2594,40.53125,-28.74
2595,40.546875,-13.36
2596,40.5625,14.96
2597,40.578125,37.13
2598,40.59375,37.89
2599,40.609375,14.97
2600,40.625,-19.67
2601,40.640625,-46.66
2602,40.65625,-50.78
2603,40.671875,-29.81
2604,40.6875,3.53
2605,40.703125,29.19
2606,40.71875,31.0
2607,40.734375,6.02
2608,40.75,-33.05
2609,40.765625,-65.38
2610,40.78125,-73.15
2611,40.796875,-51.5
2612,40.8125,-11.45
2613,40.828125,26.74
2614,40.84375,44.94
2615,40.859375,37.36
2616,40.875,13.27
2617,40.890625,-8.69
2618,40.90625,-12.14
2619,40.921875,7.36
2620,40.9375,39.2
2621,40.953125,64.25
2622,40.96875,66.26
2623,40.984375,41.61
2624,41.0,2.34
2625,41.015625,-31.15
2626,41.03125,-41.37
2627,41.046875,-23.95
2628,41.0625,9.59
2629,41.078125,38.96
2630,41.09375,46.7
2631,41.109375,28.4
2632,41.125,-4.94
2633,41.140625,-33.45
2634,41.15625,-40.44
2635,41.171875,-22.05
2636,41.1875,10.1
2637,41.203125,36.03
2638,41.21875,39.1
2639,41.234375,15.76
2640,41.25,-21.65
2641,41.265625,-52.38
2642,41.28125,-58.65
2643,41.296875,-35.83
2644,41.3125,4.66
2645,41.328125,42.1
2646,41.34375,57.95
2647,41.359375,46.19
2648,41.375,16.15
2649,41.390625,-13.21
2650,41.40625,-24.79
2651,41.421875,-13.07
2652,41.4375,12.6
2653,41.453125,34.14
2654,41.46875,35.81
2655,41.484375,13.73
2656,41.5,-20.91
2657,41.515625,-48.82
2658,41.53125,-53.6
2659,41.546875,-31.57
2660,41.5625,5.44
2661,41.578125,37.08
2662,41.59375,46.02
2663,41.609375,28.01
2664,41.625,-5.81
2665,41.640625,-35.42
2666,41.65625,-44.03
2667,41.671875,-27.72
2668,41.6875,2.19
2669,41.703125,26.08
2670,41.71875,27.81
2671,41.734375,4.07
2672,41.75,-32.76
2673,41.765625,-62.16
2674,41.78125,-66.67
2675,41.796875,-41.78
2676,41.8125,1.1
2677,41.828125,41.29
2678,41.84375,60.18
2679,41.859375,51.33
2680,41.875,23.59
2681,41.890625,-4.49
2682,41.90625,-15.95
2683,41.921875,-5.26
2684,41.9375,18.43
2685,41.953125,37.1
2686,41.96875,34.97
2687,41.984375,8.15
2688,42.0,-31.86
2689,42.015625,-64.86
2690,42.03125,-73.05
2691,42.046875,-51.37
2692,42.0625,-10.96
2693,42.078125,27.2
2694,42.09375,43.95
2695,42.109375,32.6
2696,42.125,2.4
2697,42.140625,-27.06
2698,42.15625,-37.97
2699,42.171875,-24.5
2700,42.1875,3.45
2701,42.203125,26.42
2702,42.21875,27.07
2703,42.234375,0.73
2704,42.25,-40.94
2705,42.265625,-76.34
2706,42.28125,-85.65
2707,42.296875,-62.15
2708,42.3125,-16.04
2709,42.328125,31.32
2710,42.34375,59.25
2711,42.359375,58.72
2712,42.375,36.45
2713,42.390625,9.61
2714,42.40625,-5.03
2715,42.421875,-0.72
2716,42.4375,15.5
2717,42.453125,28.41
2718,42.46875,24.38
2719,42.484375,0.35
2720,42.5,-33.69
2721,42.515625,-60.3
2722,42.53125,-65.04
2723,42.546875,-45.12
2724,42.5625,-11.5
2725,42.578125,17.14
2726,42.59375,25.19
2727,42.609375,8.93
2728,42.625,-20.94
2729,42.640625,-45.56
2730,42.65625,-48.22
2731,42.671875,-23.89
2732,42.6875,17.65
2733,42.703125,57.27
2734,42.71875,76.8
2735,42.734375,68.87
2736,42.75,40.59
2737,42.765625,8.89
2738,42.78125,-9.46
2739,42.796875,-7.18
2740,42.8125,9.68
2741,42.828125,26.35
2742,42.84375,28.5
2743,42.859375,11.1
2744,42.875,-17.97
2745,42.890625,-42.86
2746,42.90625,-48.92
2747,42.921875,-31.68
2748,42.9375,0.09
2749,42.953125,29.34
2750,42.96875,40.77
2751,42.984375,29.74
2752,43.0,4.75
2753,43.015625,-17.78
2754,43.03125,-23.69
2755,43.046875,-9.35
2756,43.0625,15.92
2757,43.078125,35.74
2758,43.09375,36.32
2759,43.109375,14.79
2760,43.125,-18.64
2761,43.140625,-46.59
2762,43.15625,-54.35
2763,43.171875,-38.36
2764,43.1875,-8.19
2765,43.203125,19.07
2766,43.21875,28.98
2767,43.234375,17.79
2768,43.25,-5.3
2769,43.265625,-23.9
2770,43.28125,-24.07
2771,43.296875,-2.41
2772,43.3125,31.26
2773,43.328125,59.73
2774,43.34375,67.97
2775,43.359375,51.77
2776,43.375,20.13
2777,43.390625,-10.04
2778,43.40625,-24.04
2779,43.421875,-17.8
2780,43.4375,0.02
2781,43.453125,13.49
2782,43.46875,9.44
2783,43.484375,-14.5
2784,43.5,-47.41
2785,43.515625,-71.35
2786,43.53125,-71.01
2787,43.546875,-42.69
2788,43.5625,2.77
2789,43.578125,45.79
2790,43.59375,68.22
2791,43.609375,63.02
2792,43.625,37.3
2793,43.640625,8.14
2794,43.65625,-7.71
2795,43.671875,-2.93
2796,43.6875,16.58
2797,43.703125,35.76
2798,43.71875,39.62
2799,43.734375,22.22
2800,43.75,-9.28
2801,43.765625,-39.1
2802,43.78125,-51.63
2803,43.796875,-41.02
2804,43.8125,-14.56
2805,43.828125,11.53
2806,43.84375,21.93
2807,43.859375,11.15
2808,43.875,-13.44
2809,43.890625,-36.04
2810,43.90625,-42.32
2811,43.921875,-27.62
2812,43.9375,-0.02
2813,43.953125,24.74
2814,43.96875,32.37
2815,43.984375,18.3
2816,44.0,-9.69
2817,44.015625,-36.5
2818,44.03125,-48.13
2819,44.046875,-39.72
2820,44.0625,-17.72
2821,44.078125,4.38
2822,44.09375,14.06
2823,44.109375,6.84
2824,44.125,-11.58
2825,44.140625,-29.06
2826,44.15625,-34.53
2827,44.171875,-24.07
2828,44.1875,-3.63
2829,44.203125,14.97
2830,44.21875,20.69
2831,44.234375,9.87
2832,44.25,-11.24
2833,44.265625,-30.36
2834,44.28125,-35.9
2835,44.296875,-24.08
2836,44.3125,-1.08
2837,44.328125,20.18
2838,44.34375,27.96
2839,44.359375,18.45
2840,44.375,-1.51
2841,44.390625,-18.35
2842,44.40625,-19.91
2843,44.421875,-2.57
2844,44.4375,25.76
2845,44.453125,50.04
2846,44.46875,56.4
2847,44.484375,40.31
2848,44.5,9.4
2849,44.515625,-20.45
2850,44.53125,-33.87
2851,44.546875,-24.55
2852,44.5625,1.27
2853,44.578125,28.54
2854,44.59375,42.08
2855,44.609375,35.04
2856,44.625,12.91
2857,44.640625,-10.0
2858,44.65625,-19.19
2859,44.671875,-8.34
2860,44.6875,16.37
2861,44.703125,40.07
2862,44.71875,47.87
2863,44.734375,33.74
2864,44.75,4.65
2865,44.765625,-23.42
2866,44.78125,-34.59
2867,44.796875,-22.38
2868,44.8125,6.27
2869,44.828125,34.67
2870,44.84375,46.21
2871,44.859375,33.76
2872,44.875,4.15
2873,44.890625,-25.63
2874,44.90625,-38.44
2875,44.921875,-26.79
2876,44.9375,2.35
2877,44.953125,31.41
2878,44.96875,42.36
2879,44.984375,27.14
2880,45.0,-7.3
2881,45.015625,-42.6
2882,45.03125,-59.2
2883,45.046875,-47.27
2884,45.0625,-12.49
2885,45.078125,27.07
2886,45.09375,51.06
2887,45.109375,47.89
2888,45.125,21.32
2889,45.140625,-12.1
2890,45.15625,-32.86
2891,45.171875,-29.49
2892,45.1875,-5.42
2893,45.203125,23.41
2894,45.21875,38.27
2895,45.234375,28.8
2896,45.25,-0.57
2897,45.265625,-33.29
2898,45.28125,-50.65
2899,45.296875,-42.98
2900,45.3125,-15.38
2901,45.328125,15.27
2902,45.34375,30.72
2903,45.359375,21.84
2904,45.375,-6.05
2905,45.390625,-36.67
2906,45.40625,-52.8
2907,45.421875,-46.12
2908,45.4375,-21.99
2909,45.453125,4.18
2910,45.46875,16.28
2911,45.484375,6.94
2912,45.5,-18.18
2913,45.515625,-43.73
2914,45.53125,-53.92
2915,45.546875,-41.55
2916,45.5625,-12.28
2917,45.578125,18.73
2918,45.59375,35.78
2919,45.609375,31.36
2920,45.625,10.57
2921,45.640625,-12.32
2922,45.65625,-22.49
2923,45.671875,-13.24
2924,45.6875,9.76
2925,45.703125,31.9
2926,45.71875,38.37
2927,45.734375,22.89
2928,45.75,-8.26
2929,45.765625,-39.43
2930,45.78125,-54.4
2931,45.796875,-45.3
2932,45.8125,-16.9
2933,45.828125,15.92
2934,45.84375,36.73
2935,45.859375,36.48
2936,45.875,18.58
2937,45.890625,-3.06
2938,45.90625,-12.13
2939,45.921875,0.8
2940,45.9375,32.32
2941,45.953125,67.62
2942,45.96875,88.61
2943,45.984375,83.97
2944,46.0,55.64
2945,46.015625,18.08
2946,46.03125,-9.95
2947,46.046875,-15.82
2948,46.0625,-0.27
2949,46.078125,23.07
2950,46.09375,35.93
2951,46.109375,26.08
2952,46.125,-5.08
2953,46.140625,-43.02
2954,46.15625,-68.45
2955,46.171875,-68.33
2956,46.1875,-43.56
2957,46.203125,-8.7
2958,46.21875,16.62
2959,46.234375,18.8
2960,46.25,-1.78
2961,46.265625,-30.91
2962,46.28125,-48.99
2963,46.296875,-42.36
2964,46.3125,-11.4
2965,46.328125,29.1
2966,46.34375,58.52
2967,46.359375,61.66
2968,46.375,37.36
2969,46.390625,-0.92
2970,46.40625,-32.89
2971,46.421875,-42.78
2972,46.4375,-27.96
2973,46.453125,-0.04
2974,46.46875,22.53
2975,46.484375,25.4
2976,46.5,6.67
2977,46.515625,-22.01
2978,46.53125,-42.71
2979,46.546875,-41.73
2980,46.5625,-17.97
2981,46.578125,16.17
2982,46.59375,42.12
2983,46.609375,45.65
2984,46.625,25.22
2985,46.640625,-6.75
2986,46.65625,-31.48
2987,46.671875,-34.41
2988,46.6875,-13.72
2989,46.703125,18.32
2990,46.71875,42.79
2991,46.734375,45.0
2992,46.75,23.25
2993,46.765625,-10.0
2994,46.78125,-35.33
2995,46.796875,-37.76
2996,46.8125,-15.39
2997,46.828125,19.05
2998,46.84375,45.96
2999,46.859375,50.25
3000,46.875,30.36
3001,46.890625,-0.89
3002,46.90625,-23.88
3003,46.921875,-23.85
3004,46.9375,0.14
3005,46.953125,34.53
3006,46.96875,59.28
3007,46.984375,59.74
3008,47.0,35.46
3009,47.015625,0.89
3010,47.03125,-23.39
3011,47.046875,-22.41
3012,47.0625,4.1
3013,47.078125,41.28
3014,47.09375,67.95
3015,47.109375,68.73
3016,47.125,42.9
3017,47.140625,5.09
3018,47.15625,-23.62
3019,47.171875,-27.62
3020,47.1875,-5.53
3021,47.203125,29.16
3022,47.21875,56.24
3023,47.234375,60.34
3024,47.25,39.17
3025,47.265625,3.85
3026,47.28125,-28.08
3027,47.296875,-43.0
3028,47.3125,-38.27
3029,47.328125,-22.6
3030,47.34375,-9.8
3031,47.359375,-10.64
3032,47.375,-27.01
3033,47.390625,-51.97
3034,47.40625,-74.98
3035,47.421875,-88.5
3036,47.4375,-92.4
3037,47.453125,-93.34
3038,47.46875,-99.61
3039,47.484375,-115.12
3040,47.5,-136.0
3041,47.515625,-151.8
3042,47.53125,-151.43
3043,47.546875,-129.67
3044,47.5625,-90.97
3045,47.578125,-48.0
3046,47.59375,-15.55
3047,47.609375,-2.84
3048,47.625,-9.03
3049,47.640625,-23.69
3050,47.65625,-32.65
3051,47.671875,-25.35
3052,47.6875,0.01
3053,47.703125,36.28
3054,47.71875,71.64
3055,47.734375,95.76
3056,47.75,104.59
3057,47.765625,100.9
3058,47.78125,91.57
3059,47.796875,82.94
3060,47.8125,77.46
3061,47.828125,73.09
3062,47.84375,65.73
3063,47.859375,52.75
3064,47.875,35.5
3065,47.890625,19.19
3066,47.90625,10.15
3067,47.921875,11.99
3068,47.9375,22.99
3069,47.953125,36.45
3070,47.96875,44.29
3071,47.984375,41.39
3072,48.0,28.93
3073,48.015625,14.07
3074,48.03125,6.29
3075,48.046875,11.97
3076,48.0625,30.41
3077,48.078125,53.62
3078,48.09375,70.46
3079,48.109375,73.01
3080,48.125,61.16
3081,48.140625,43.3
3082,48.15625,31.44
3083,48.171875,34.3
3084,48.1875,51.53
3085,48.203125,73.49
3086,48.21875,86.3
3087,48.234375,80.16
3088,48.25,55.77
3089,48.265625,24.63
3090,48.28125,2.86
3091,48.296875,1.74
3092,48.3125,20.73
3093,48.328125,47.12
3094,48.34375,63.31
3095,48.359375,57.09
3096,48.375,29.21
3097,48.390625,-6.84
3098,48.40625,-32.73
3099,48.421875,-35.94
3100,48.4375,-17.25
3101,48.453125,9.55
3102,48.46875,25.81
3103,48.484375,18.32
3104,48.5,-13.65
3105,48.515625,-58.58
3106,48.53125,-99.38
3107,48.546875,-122.26
3108,48.5625,-122.43
3109,48.578125,-104.52
3110,48.59375,-78.19
3111,48.609375,-52.09
3112,48.625,-30.15
3113,48.640625,-11.17
3114,48.65625,8.29
3115,48.671875,30.21
3116,48.6875,52.56
3117,48.703125,69.59
3118,48.71875,74.17
3119,48.734375,61.05
3120,48.75,29.61
3121,48.765625,-15.39
3122,48.78125,-65.04
3123,48.796875,-109.4
3124,48.8125,-141.12
3125,48.828125,-157.62
3126,48.84375,-161.37
3127,48.859375,-158.12
3128,48.875,-154.25
3129,48.890625,-153.96
3130,48.90625,-158.58
3131,48.921875,-167.29
3132,48.9375,-178.19
3133,48.953125,-189.36
3134,48.96875,-198.13
3135,48.984375,-200.49
3136,49.0,-191.48
3137,49.015625,-167.34
3138,49.03125,-128.37
3139,49.046875,-80.86
3140,49.0625,-35.74
3141,49.078125,-3.88
3142,49.09375,9.36
3143,49.109375,7.43
3144,49.125,1.16
3145,49.140625,3.06
3146,49.15625,20.55
3147,49.171875,52.55
3148,49.1875,90.74
3149,49.203125,124.68
3150,49.21875,147.61
3151,49.234375,159.24
3152,49.25,164.25
3153,49.265625,168.62
3154,49.28125,175.98
3155,49.296875,186.49
3156,49.3125,197.52
3157,49.328125,205.67
3158,49.34375,208.01
3159,49.359375,202.42
3160,49.375,186.76
3161,49.390625,159.38
3162,49.40625,120.1
3163,49.421875,71.18
3164,49.4375,18.83
3165,49.453125,-28.27
3166,49.46875,-61.28
3167,49.484375,-74.15
3168,49.5,-65.29
3169,49.515625,-38.0
3170,49.53125,0.56
3171,49.546875,41.19
3172,49.5625,74.84
3173,49.578125,94.45
3174,49.59375,96.76
3175,49.609375,83.67
3176,49.625,62.59
3177,49.640625,44.13
3178,49.65625,37.45
3179,49.671875,46.0
3180,49.6875,65.54
3181,49.703125,85.0
3182,49.71875,91.45
3183,49.734375,75.85
3184,49.75,37.31
3185,49.765625,-16.08
3186,49.78125,-70.23
3187,49.796875,-110.43
3188,49.8125,-126.36
3189,49.828125,-114.76
3190,49.84375,-79.55
3191,49.859375,-29.44
3192,49.875,24.66
3193,49.890625,72.36
3194,49.90625,105.45
3195,49.921875,119.06
3196,49.9375,111.71
3197,49.953125,84.96
3198,49.96875,43.01
3199,49.984375,-8.21
3200,50.0,-61.58
3201,50.015625,-109.41
3202,50.03125,-144.92
3203,50.046875,-163.39
3204,50.0625,-163.81
3205,50.078125,-149.74
3206,50.09375,-128.87
3207,50.109375,-111.04
3208,50.125,-104.49
3209,50.140625,-112.41
3210,50.15625,-131.03
3211,50.171875,-151.26
3212,50.1875,-162.71
3213,50.203125,-158.64
3214,50.21875,-139.02
3215,50.234375,-110.02
3216,50.25,-80.16
3217,50.265625,-55.49
3218,50.28125,-36.79
3219,50.296875,-20.1
3220,50.3125,-0.61
3221,50.328125,23.19
3222,50.34375,47.59
3223,50.359375,65.34
3224,50.375,69.9
3225,50.390625,59.96
3226,50.40625,40.96
3227,50.421875,23.12
3228,50.4375,16.64
3229,50.453125,27.11
3230,50.46875,53.67
3231,50.484375,90.38
3232,50.5,129.38
3233,50.515625,163.98
3234,50.53125,189.54
3235,50.546875,202.79
3236,50.5625,200.63
3237,50.578125,180.23
3238,50.59375,140.47
3239,50.609375,83.81
3240,50.625,17.12
3241,50.640625,-49.92
3242,50.65625,-107.17
3243,50.671875,-147.06
3244,50.6875,-166.43
3245,50.703125,-166.32
3246,50.71875,-150.58
3247,50.734375,-124.17
3248,50.75,-92.06
3249,50.765625,-58.58
3250,50.78125,-27.42
3251,50.796875,-1.36
3252,50.8125,17.9
3253,50.828125,29.88
3254,50.84375,35.21
3255,50.859375,35.38
3256,50.875,32.21
3257,50.890625,27.43
3258,50.90625,22.38
3259,50.921875,17.92
3260,50.9375,14.61
3261,50.953125,12.74
3262,50.96875,12.41
3263,50.984375,13.64
3264,51.0,16.25
3265,51.015625,19.82
3266,51.03125,23.77
3267,51.046875,27.35
3268,51.0625,29.9
3269,51.078125,31.11
3270,51.09375,31.01
3271,51.109375,29.98
3272,51.125,28.5
3273,51.140625,26.98
3274,51.15625,25.51
3275,51.171875,23.98
3276,51.1875,22.16
3277,51.203125,19.91
3278,51.21875,17.42
3279,51.234375,15.25
3280,51.25,14.05
3281,51.265625,14.26
3282,51.28125,15.88
3283,51.296875,18.13
3284,51.3125,19.98
3285,51.328125,20.4
3286,51.34375,19.05
3287,51.359375,16.61
3288,51.375,14.65
3289,51.390625,15.07
3290,51.40625,19.32
3291,51.421875,27.66
3292,51.4375,38.7
3293,51.453125,50.06
3294,51.46875,59.24
3295,51.484375,64.78
3296,51.5,66.91
3297,51.515625,67.47
3298,51.53125,68.47
3299,51.546875,71.02
3300,51.5625,74.34
3301,51.578125,75.58
3302,51.59375,70.58
3303,51.609375,55.16
3304,51.625,26.91
3305,51.640625,-13.04
3306,51.65625,-59.26
3307,51.671875,-102.94
3308,51.6875,-134.28
3309,51.703125,-145.76
3310,51.71875,-135.15
3311,51.734375,-106.23
3312,51.75,-67.23
3313,51.765625,-27.58
3314,51.78125,4.85
3315,51.796875,24.77
3316,51.8125,29.28
3317,51.828125,17.91
3318,51.84375,-6.96
3319,51.859375,-39.43
3320,51.875,-70.76
3321,51.890625,-92.97
3322,51.90625,-102.22
3323,51.921875,-101.37
3324,51.9375,-99.04
3325,51.953125,-104.3
3326,51.96875,-120.23
3327,51.984375,-140.84
3328,52.0,-154.48
3329,52.015625,-150.66
3330,52.03125,-127.75
3331,52.046875,-94.88
3332,52.0625,-66.46
3333,52.078125,-53.51
3334,52.09375,-56.45
3335,52.109375,-65.14
3336,52.125,-65.63
3337,52.140625,-48.93
3338,52.15625,-16.77
3339,52.171875,19.35
3340,52.1875,45.49
3341,52.203125,53.87
3342,52.21875,46.9
3343,52.234375,34.6
3344,52.25,27.61
3345,52.265625,30.81
3346,52.28125,41.07
3347,52.296875,50.49
3348,52.3125,51.54
3349,52.328125,41.54
3350,52.34375,23.47
3351,52.359375,3.42
3352,52.375,-12.77
3353,52.390625,-22.38
3354,52.40625,-25.99
3355,52.421875,-25.83
3356,52.4375,-23.95
3357,52.453125,-20.88
3358,52.46875,-15.61
3359,52.484375,-6.36
3360,52.5,7.8
3361,52.515625,26.45
3362,52.53125,47.47
3363,52.546875,67.37
3364,52.5625,82.82
3365,52.578125,92.05
3366,52.59375,96.26
3367,52.609375,98.79
3368,52.625,103.39
3369,52.640625,111.9
3370,52.65625,123.14
3371,52.671875,132.79
3372,52.6875,135.7
3373,52.703125,127.06
3374,52.71875,105.7
3375,52.734375,75.53
3376,52.75,44.49
3377,52.765625,21.46
3378,52.78125,12.43
3379,52.796875,18.27
3380,52.8125,34.04
3381,52.828125,51.56
3382,52.84375,62.09
3383,52.859375,58.89
3384,52.875,38.41
3385,52.890625,0.99
3386,52.90625,-48.9
3387,52.921875,-102.97
3388,52.9375,-150.69
3389,52.953125,-182.69
3390,52.96875,-194.36
3391,52.984375,-188.21
3392,53.0,-172.57
3393,53.015625,-157.56
3394,53.03125,-149.98
3395,53.046875,-150.06
3396,53.0625,-152.12
3397,53.078125,-147.9
3398,53.09375,-132.63
3399,53.109375,-107.04
3400,53.125,-76.06
3401,53.140625,-45.18
3402,53.15625,-17.33
3403,53.171875,7.5
3404,53.1875,30.75
3405,53.203125,52.97
3406,53.21875,72.6
3407,53.234375,86.6
3408,53.25,92.53
3409,53.265625,89.91
3410,53.28125,80.86
3411,53.296875,69.47
3412,53.3125,59.74
3413,53.328125,54.27
3414,53.34375,53.37
3415,53.359375,55.34
3416,53.375,57.25
3417,53.390625,56.64
3418,53.40625,52.47
3419,53.421875,45.44
3420,53.4375,37.49
3421,53.453125,30.74
3422,53.46875,26.63
3423,53.484375,25.32
3424,53.5,25.81
3425,53.515625,26.47
3426,53.53125,25.9
3427,53.546875,23.49
3428,53.5625,19.54
3429,53.578125,15.04
3430,53.59375,11.07
3431,53.609375,8.36
3432,53.625,7.23
3433,53.640625,7.11
3434,53.65625,7.28
3435,53.671875,7.07
3436,53.6875,6.18
3437,53.703125,4.69
3438,53.71875,2.96
3439,53.734375,1.38
3440,53.75,0.21
3441,53.765625,-0.47
3442,53.78125,-0.82
3443,53.796875,-1.03
3444,53.8125,-1.26
3445,53.828125,-1.58
3446,53.84375,-1.98
3447,53.859375,-2.37
3448,53.875,-2.7
3449,53.890625,-2.94
3450,53.90625,-3.09
3451,53.921875,-3.16
3452,53.9375,-3.19
3453,53.953125,-3.16
3454,53.96875,-3.09
3455,53.984375,-3.0
3456,54.0,-2.87
3457,54.015625,-2.74
3458,54.03125,-2.61
3459,54.046875,-2.49
3460,54.0625,-2.37
3461,54.078125,-2.28
3462,54.09375,-2.19
3463,54.109375,-2.1
3464,54.125,-2.03
3465,54.140625,-1.95
3466,54.15625,-1.88
3467,54.171875,-1.81
3468,54.1875,-1.75
3469,54.203125,-1.69
3470,54.21875,-1.64
3471,54.234375,-1.59
3472,54.25,-1.54
3473,54.265625,-1.49
3474,54.28125,-1.45
3475,54.296875,-1.41
3476,54.3125,-1.37
3477,54.328125,-1.33
3478,54.34375,-1.3
3479,54.359375,-1.26
3480,54.375,-1.24
3481,54.390625,-1.2
3482,54.40625,-1.18
3483,54.421875,-1.15
3484,54.4375,-1.12
3485,54.453125,-1.09
3486,54.46875,-1.06
3487,54.484375,-1.04
3488,54.5,-1.01
3489,54.515625,-1.0
3490,54.53125,-0.97
3491,54.546875,-0.95
3492,54.5625,-0.93
3493,54.578125,-0.91
3494,54.59375,-0.89
3495,54.609375,-0.87
3496,54.625,-0.85
3497,54.640625,-0.82
3498,54.65625,-0.81
3499,54.671875,-0.79
3500,54.6875,-0.78
3501,54.703125,-0.76
3502,54.71875,-0.75
3503,54.734375,-0.74
3504,54.75,-0.74
3505,54.765625,-0.73
3506,54.78125,-0.72
3507,54.796875,-0.72
3508,54.8125,-0.7
3509,54.828125,-0.67
3510,54.84375,-0.65
3511,54.859375,-0.62
3512,54.875,-0.57
3513,54.890625,-0.53
3514,54.90625,-0.49
3515,54.921875,-0.44
3516,54.9375,-0.4
3517,54.953125,-0.37
3518,54.96875,-0.35
3519,54.984375,-0.34
3520,55.0,-0.34
3521,55.015625,-0.34
3522,55.03125,-0.34
3523,55.046875,-0.34
3524,55.0625,-0.31
3525,55.078125,-0.31
3526,55.09375,-0.31
3527,55.109375,-0.35
3528,55.125,-0.41
3529,55.140625,-0.51
3530,55.15625,-0.59
3531,55.171875,-0.66
3532,55.1875,-0.68
3533,55.203125,-0.65
3534,55.21875,-0.61
3535,55.234375,-0.56
3536,55.25,-0.55
3537,55.265625,-0.58
3538,55.28125,-0.64
3539,55.296875,-0.71
3540,55.3125,-0.71
3541,55.328125,-0.64
3542,55.34375,-0.5
3543,55.359375,-0.32
3544,55.375,-0.13
3545,55.390625,0.01
3546,55.40625,0.08
3547,55.421875,0.09
3548,55.4375,0.08
3549,55.453125,0.13
3550,55.46875,0.28
3551,55.484375,0.51
3552,55.5,0.71
3553,55.515625,0.84
3554,55.53125,0.74
3555,55.546875,0.44
3556,55.5625,-0.02
3557,55.578125,-0.55
3558,55.59375,-0.93
3559,55.609375,-0.93
3560,55.625,-0.59
3561,55.640625,-0.04
3562,55.65625,0.49
3563,55.671875,0.9
3564,55.6875,1.2
3565,55.703125,1.55
3566,55.71875,2.07
3567,55.734375,2.91
3568,55.75,4.11
3569,55.765625,5.2
3570,55.78125,5.45
3571,55.796875,4.05
3572,55.8125,0.41
3573,55.828125,-5.58
3574,55.84375,-13.45
3575,55.859375,-22.25
3576,55.875,-30.81
3577,55.890625,-38.04
3578,55.90625,-43.14
3579,55.921875,-45.75
3580,55.9375,-45.84
3581,55.953125,-43.75
3582,55.96875,-40.06
3583,55.984375,-35.76
3584,56.0,-31.89
3585,56.015625,-28.97
3586,56.03125,-26.57
3587,56.046875,-23.02
3588,56.0625,-16.0
3589,56.078125,-3.9
3590,56.09375,13.05
3591,56.109375,32.7
3592,56.125,51.46
3593,56.140625,65.81
3594,56.15625,73.9
3595,56.171875,75.96
3596,56.1875,74.36
3597,56.203125,72.13
3598,56.21875,71.69
3599,56.234375,73.98
3600,56.25,78.29
3601,56.265625,83.0
3602,56.28125,86.13
3603,56.296875,85.82
3604,56.3125,80.45
3605,56.328125,68.8
3606,56.34375,50.22
3607,56.359375,25.29
3608,56.375,-3.98
3609,56.390625,-33.32
3610,56.40625,-57.8
3611,56.421875,-73.03
3612,56.4375,-76.72
3613,56.453125,-69.66
3614,56.46875,-55.5
3615,56.484375,-39.33
3616,56.5,-25.67
3617,56.515625,-17.02
3618,56.53125,-13.32
3619,56.546875,-13.0
3620,56.5625,-14.06
3621,56.578125,-15.16
3622,56.59375,-15.86
3623,56.609375,-16.34
3624,56.625,-16.72
3625,56.640625,-16.82
3626,56.65625,-16.19
3627,56.671875,-14.6
3628,56.6875,-12.23
3629,56.703125,-9.78
3630,56.71875,-7.96
3631,56.734375,-7.22
3632,56.75,-7.56
3633,56.765625,-8.43
3634,56.78125,-9.13
3635,56.796875,-9.02
3636,56.8125,-7.91
3637,56.828125,-6.09
3638,56.84375,-4.12
3639,56.859375,-2.64
3640,56.875,-1.99
3641,56.890625,-2.18
3642,56.90625,-2.82
3643,56.921875,-3.41
3644,56.9375,-3.52
3645,56.953125,-3.0
3646,56.96875,-2.01
3647,56.984375,-0.86
3648,57.0,0.06
3649,57.015625,0.56
3650,57.03125,0.62
3651,57.046875,0.41
3652,57.0625,0.13
3653,57.078125,-0.04
3654,57.09375,-0.06
3655,57.109375,0.03
3656,57.125,0.15
3657,57.140625,0.22
3658,57.15625,0.23
3659,57.171875,0.18
3660,57.1875,0.1
3661,57.203125,-0.03
3662,57.21875,-0.22
3663,57.234375,-0.5
3664,57.25,-0.85
3665,57.265625,-1.18
3666,57.28125,-1.39
3667,57.296875,-1.33
3668,57.3125,-1.0
3669,57.328125,-0.48
3670,57.34375,0.02
3671,57.359375,0.23
3672,57.375,-0.0
3673,57.390625,-0.66
3674,57.40625,-1.47
3675,57.421875,-2.04
3676,57.4375,-1.98
3677,57.453125,-1.21
3678,57.46875,0.01
3679,57.484375,1.11
3680,57.5,1.42
3681,57.515625,0.57
3682,57.53125,-1.37
3683,57.546875,-3.72
3684,57.5625,-5.53
3685,57.578125,-5.95
3686,57.59375,-4.78
3687,57.609375,-2.58
3688,57.625,-0.57
3689,57.640625,-0.1
3690,57.65625,-1.9
3691,57.671875,-5.78
3692,57.6875,-10.48
3693,57.703125,-14.23
3694,57.71875,-15.51
3695,57.734375,-13.97
3696,57.75,-10.52
3697,57.765625,-7.16
3698,57.78125,-6.14
3699,57.796875,-8.5
3700,57.8125,-14.0
3701,57.828125,-21.01
3702,57.84375,-27.53
3703,57.859375,-32.03
3704,57.875,-34.23
3705,57.890625,-34.66
3706,57.90625,-34.09
3707,57.921875,-33.59
3708,57.9375,-34.6
3709,57.953125,-39.61
3710,57.96875,-51.61
3711,57.984375,-71.91
3712,58.0,-98.04
3713,58.015625,-123.01
3714,58.03125,-137.04
3715,58.046875,-131.58
3716,58.0625,-103.9
3717,58.078125,-58.42
3718,58.09375,-4.83
3719,58.109375,45.27
3720,58.125,84.68
3721,58.140625,112.37
3722,58.15625,131.73
3723,58.171875,146.84
3724,58.1875,160.28
3725,58.203125,170.03
3726,58.21875,173.44
3727,58.234375,168.97
3728,58.25,157.6
3729,58.265625,142.27
3730,58.28125,125.92
3731,58.296875,110.23
3732,58.3125,94.2
3733,58.328125,77.39
3734,58.34375,58.43
3735,58.359375,37.29
3736,58.375,15.24
3737,58.390625,-5.33
3738,58.40625,-21.77
3739,58.421875,-32.37
3740,58.4375,-37.04
3741,58.453125,-37.2
3742,58.46875,-34.95
3743,58.484375,-32.76
3744,58.5,-31.94
3745,58.515625,-32.65
3746,58.53125,-34.1
3747,58.546875,-35.05
3748,58.5625,-34.6
3749,58.578125,-32.55
3750,58.59375,-29.49
3751,58.609375,-26.12
3752,58.625,-23.49
3753,58.640625,-22.01
3754,58.65625,-21.55
3755,58.671875,-21.62
3756,58.6875,-21.54
3757,58.703125,-20.84
3758,58.71875,-19.4
3759,58.734375,-17.43
3760,58.75,-15.26
3761,58.765625,-13.37
3762,58.78125,-11.99
3763,58.796875,-11.11
3764,58.8125,-10.58
3765,58.828125,-10.16
3766,58.84375,-9.66
3767,58.859375,-8.96
3768,58.875,-8.06
3769,58.890625,-6.99
3770,58.90625,-5.89
3771,58.921875,-4.9
3772,58.9375,-4.08
3773,58.953125,-3.47
3774,58.96875,-3.01
3775,58.984375,-2.63
3776,59.0,-2.19
3777,59.015625,-1.59
3778,59.03125,-0.77
3779,59.046875,0.15
3780,59.0625,0.96
3781,59.078125,1.47
3782,59.09375,1.54
3783,59.109375,1.23
3784,59.125,0.79
3785,59.140625,0.58
3786,59.15625,0.89
3787,59.171875,1.79
3788,59.1875,3.06
3789,59.203125,4.19
3790,59.21875,4.66
3791,59.234375,4.17
3792,59.25,2.83
3793,59.265625,1.21
3794,59.28125,0.09
3795,59.296875,0.1
3796,59.3125,1.41
3797,59.328125,3.54
3798,59.34375,5.5
3799,59.359375,6.29
3800,59.375,5.28
3801,59.390625,2.7
3802,59.40625,-0.45
3803,59.421875,-2.78
3804,59.4375,-3.22
3805,59.453125,-1.5
3806,59.46875,1.55
3807,59.484375,4.29
3808,59.5,5.1
3809,59.515625,2.8
3810,59.53125,-2.73
3811,59.546875,-10.64
3812,59.5625,-19.57
3813,59.578125,-28.14
3814,59.59375,-35.0
3815,59.609375,-38.88
3816,59.625,-39.03
3817,59.640625,-35.53
3818,59.65625,-30.21
3819,59.671875,-26.58
3820,59.6875,-28.66
3821,59.703125,-38.86
3822,59.71875,-56.09
3823,59.734375,-75.45
3824,59.75,-89.57
3825,59.765625,-92.55
3826,59.78125,-82.31
3827,59.796875,-61.52
3828,59.8125,-35.89
3829,59.828125,-11.25
3830,59.84375,8.77
3831,59.859375,23.55
3832,59.875,34.31
3833,59.890625,42.29
3834,59.90625,47.65
3835,59.921875,49.78
3836,59.9375,48.19
3837,59.953125,43.42
3838,59.96875,37.14
3839,59.984375,31.41
3840,60.0,28.0
3841,60.015625,27.45
3842,60.03125,28.88
3843,60.046875,30.6
3844,60.0625,30.93
3845,60.078125,29.01
3846,60.09375,25.04
3847,60.109375,20.22
3848,60.125,16.06
3849,60.140625,13.73
3850,60.15625,13.46
3851,60.171875,14.51
3852,60.1875,15.6
3853,60.203125,15.51
3854,60.21875,13.69
3855,60.234375,10.47
3856,60.25,6.88
3857,60.265625,4.13
3858,60.28125,3.02
3859,60.296875,3.54
3860,60.3125,4.89
3861,60.328125,5.89
3862,60.34375,5.57
3863,60.359375,3.63
3864,60.375,0.63
3865,60.390625,-2.3
3866,60.40625,-4.0
3867,60.421875,-3.8
3868,60.4375,-1.99
3869,60.453125,0.3
3870,60.46875,1.74
3871,60.484375,1.35
3872,60.5,-0.97
3873,60.515625,-4.27
3874,60.53125,-6.99
3875,60.546875,-7.73
3876,60.5625,-5.59
3877,60.578125,-0.69
3878,60.59375,5.92
3879,60.609375,13.03
3880,60.625,19.41
3881,60.640625,23.89
3882,60.65625,25.4
3883,60.671875,23.37
3884,60.6875,18.11
3885,60.703125,11.72
3886,60.71875,7.71
3887,60.734375,9.62
3888,60.75,19.18
3889,60.765625,34.77
3890,60.78125,51.4
3891,60.796875,63.08
3892,60.8125,65.29
3893,60.828125,57.17
3894,60.84375,41.62
3895,60.859375,23.54
3896,60.875,7.26
3897,60.890625,-4.99
3898,60.90625,-13.56
3899,60.921875,-19.79
3900,60.9375,-24.53
3901,60.953125,-27.77
3902,60.96875,-28.78
3903,60.984375,-27.09
3904,61.0,-23.2
3905,61.015625,-18.55
3906,61.03125,-14.74
3907,61.046875,-13.08
3908,61.0625,-13.74
3909,61.078125,-15.71
3910,61.09375,-17.59
3911,61.109375,-18.12
3912,61.125,-16.72
3913,61.140625,-13.76
3914,61.15625,-10.29
3915,61.171875,-7.51
3916,61.1875,-6.25
3917,61.203125,-6.58
3918,61.21875,-7.85
3919,61.234375,-9.12
3920,61.25,-9.53
3921,61.265625,-8.71
3922,61.28125,-6.87
3923,61.296875,-4.69
3924,61.3125,-2.9
3925,61.328125,-2.04
3926,61.34375,-2.13
3927,61.359375,-2.79
3928,61.375,-3.41
3929,61.390625,-3.49
3930,61.40625,-2.79
3931,61.421875,-1.48
3932,61.4375,-0.03
3933,61.453125,1.04
3934,61.46875,1.36
3935,61.484375,0.96
3936,61.5,0.18
3937,61.515625,-0.43
3938,61.53125,-0.41
3939,61.546875,0.43
3940,61.5625,1.86
3941,61.578125,3.3
3942,61.59375,4.07
3943,61.609375,3.76
3944,61.625,2.4
3945,61.640625,0.57
3946,61.65625,-0.9
3947,61.671875,-1.29
3948,61.6875,-0.3
3949,61.703125,1.63
3950,61.71875,3.51
3951,61.734375,4.24
3952,61.75,3.1
3953,61.765625,0.18
3954,61.78125,-3.53
3955,61.796875,-6.61
3956,61.8125,-7.86
3957,61.828125,-6.88
3958,61.84375,-4.38
3959,61.859375,-2.04
3960,61.875,-1.56
3961,61.890625,-4.22
3962,61.90625,-10.28
3963,61.921875,-18.94
3964,61.9375,-28.82
3965,61.953125,-38.47
3966,61.96875,-46.42
3967,61.984375,-51.26
3968,62.0,-51.93
3969,62.015625,-48.45
3970,62.03125,-42.45
3971,62.046875,-37.45
3972,62.0625,-37.74
3973,62.078125,-46.28
3974,62.09375,-62.61
3975,62.109375,-82.14
3976,62.125,-97.37
3977,62.140625,-101.63
3978,62.15625,-91.89
3979,62.171875,-70.01
3980,62.1875,-41.49
3981,62.203125,-12.68
3982,62.21875,11.91
3983,62.234375,30.71
3984,62.25,44.31
3985,62.265625,53.78
3986,62.28125,59.5
3987,62.296875,61.29
3988,62.3125,59.16
3989,62.328125,53.98
3990,62.34375,47.5
3991,62.359375,41.67
3992,62.375,37.88
3993,62.390625,36.27
3994,62.40625,35.83
3995,62.421875,35.04
3996,62.4375,32.8
3997,62.453125,28.96
3998,62.46875,24.32
3999,62.484375,20.13
4000,62.5,17.44
4001,62.515625,16.38
4002,62.53125,16.17
4003,62.546875,15.64
4004,62.5625,13.86
4005,62.578125,10.67
4006,62.59375,6.87
4007,62.609375,3.5
4008,62.625,1.56
4009,62.640625,1.45
4010,62.65625,2.81
4011,62.671875,4.98
4012,62.6875,7.39
4013,62.703125,9.54
4014,62.71875,10.71
4015,62.734375,10.48
4016,62.75,9.17
4017,62.765625,8.7
4018,62.78125,12.66
4019,62.796875,24.79
4020,62.8125,46.91
4021,62.828125,77.39
4022,62.84375,110.65
4023,62.859375,138.75
4024,62.875,154.18
4025,62.890625,152.53
4026,62.90625,133.2
4027,62.921875,101.4
4028,62.9375,64.23
4029,62.953125,28.46
4030,62.96875,-0.75
4031,62.984375,-21.9
4032,63.0,-35.78
4033,63.015625,-45.05
4034,63.03125,-53.12
4035,63.046875,-62.2
4036,63.0625,-72.32
4037,63.078125,-81.76
4038,63.09375,-87.85
4039,63.109375,-88.56
4040,63.125,-82.69
4041,63.140625,-69.52
4042,63.15625,-48.18
4043,63.171875,-17.96
4044,63.1875,19.69
4045,63.203125,59.1
4046,63.21875,89.52
4047,63.234375,98.24
4048,63.25,77.4
4049,63.265625,29.55
4050,63.28125,-31.65
4051,63.296875,-86.48
4052,63.3125,-117.97
4053,63.328125,-119.31
4054,63.34375,-95.92
4055,63.359375,-61.54
4056,63.375,-30.32
4057,63.390625,-10.24
4058,63.40625,-1.29
4059,63.421875,1.71
4060,63.4375,4.07
4061,63.453125,7.74
4062,63.46875,11.05
4063,63.484375,10.97
4064,63.5,6.11
4065,63.515625,-1.8
4066,63.53125,-9.0
4067,63.546875,-11.79
4068,63.5625,-8.76
4069,63.578125,-1.42
4070,63.59375,6.71
4071,63.609375,11.78
4072,63.625,11.62
4073,63.640625,6.55
4074,63.65625,-0.93
4075,63.671875,-7.41
4076,63.6875,-10.24
4077,63.703125,-8.63
4078,63.71875,-3.94
4079,63.734375,1.17
4080,63.75,3.97
4081,63.765625,2.87
4082,63.78125,-1.95
4083,63.796875,-8.79
4084,63.8125,-15.25
4085,63.828125,-19.32
4086,63.84375,-20.26
4087,63.859375,-18.76
4088,63.875,-16.57
4089,63.890625,-15.62
4090,63.90625,-17.32
4091,63.921875,-21.94
4092,63.9375,-28.65
4093,63.953125,-35.77
4094,63.96875,-41.62
4095,63.984375,-45.33
4096,64.0,-47.19
4097,64.015625,-48.52
4098,64.03125,-51.04
4099,64.046875,-56.16
4100,64.0625,-64.17
4101,64.078125,-73.92
4102,64.09375,-82.89
4103,64.109375,-88.08
4104,64.125,-87.34
4105,64.140625,-79.95
4106,64.15625,-67.02
4107,64.171875,-51.09
4108,64.1875,-34.91
4109,64.203125,-20.39
4110,64.21875,-7.74
4111,64.234375,4.5
4112,64.25,18.41
4113,64.265625,35.66
4114,64.28125,56.97
4115,64.296875,82.09
4116,64.3125,110.17
4117,64.328125,139.67
4118,64.34375,167.99
4119,64.359375,190.95
4120,64.375,204.02
4121,64.390625,203.92
4122,64.40625,190.32
4123,64.421875,166.46
4124,64.4375,138.04
4125,64.453125,111.21
4126,64.46875,90.29
4127,64.484375,76.65
4128,64.5,69.46
4129,64.515625,67.16
4130,64.53125,68.3
4131,64.546875,71.41
4132,64.5625,74.06
4133,64.578125,72.27
4134,64.59375,61.36
4135,64.609375,37.4
4136,64.625,-0.83
4137,64.640625,-50.68
4138,64.65625,-105.47
4139,64.671875,-155.65
4140,64.6875,-190.75
4141,64.703125,-202.23
4142,64.71875,-186.32
4143,64.734375,-146.3
4144,64.75,-93.04
4145,64.765625,-42.5
4146,64.78125,-10.05
4147,64.796875,-4.26
4148,64.8125,-22.81
4149,64.828125,-53.27
4150,64.84375,-78.59
4151,64.859375,-84.84
4152,64.875,-67.21
4153,64.890625,-30.85
4154,64.90625,11.64
4155,64.921875,47.39
4156,64.9375,68.77
4157,64.953125,75.34
4158,64.96875,71.44
4159,64.984375,62.02
4160,65.0,49.64
4161,65.015625,33.89
4162,65.03125,13.43
4163,65.046875,-11.45
4164,65.0625,-37.63
4165,65.078125,-60.32
4166,65.09375,-75.45
4167,65.109375,-81.97
4168,65.125,-82.44
4169,65.140625,-81.79
4170,65.15625,-85.08
4171,65.171875,-95.09
4172,65.1875,-111.39
4173,65.203125,-130.5
4174,65.21875,-147.65
4175,65.234375,-158.7
4176,65.25,-161.62
4177,65.265625,-157.06
4178,65.28125,-146.83
4179,65.296875,-132.91
4180,65.3125,-116.18
4181,65.328125,-96.19
4182,65.34375,-71.65
4183,65.359375,-41.65
4184,65.375,-6.71
4185,65.390625,30.76
4186,65.40625,66.97
4187,65.421875,98.05
4188,65.4375,121.08
4189,65.453125,135.12
4190,65.46875,141.09
4191,65.484375,140.92
4192,65.5,136.19
4193,65.515625,127.53
4194,65.53125,114.44
4195,65.546875,96.1
4196,65.5625,72.57
4197,65.578125,45.62
4198,65.59375,18.99
4199,65.609375,-2.79
4200,65.625,-15.96
4201,65.640625,-19.36
4202,65.65625,-14.77
4203,65.671875,-6.13
4204,65.6875,2.39
4205,65.703125,8.38
4206,65.71875,12.34
4207,65.734375,17.21
4208,65.75,26.37
4209,65.765625,41.63
4210,65.78125,62.16
4211,65.796875,85.06
4212,65.8125,107.23
4213,65.828125,126.66
4214,65.84375,142.5
4215,65.859375,153.48
4216,65.875,156.61
4217,65.890625,147.77
4218,65.90625,124.14
4219,65.921875,87.65
4220,65.9375,46.33
4221,65.953125,11.46
4222,65.96875,-7.73
4223,65.984375,-9.3
4224,66.0,-0.04
4225,66.015625,8.24
4226,66.03125,5.96
4227,66.046875,-8.21
4228,66.0625,-26.56
4229,66.078125,-37.24
4230,66.09375,-32.16
4231,66.109375,-12.54
4232,66.125,11.13
4233,66.140625,25.02
4234,66.15625,20.09
4235,66.171875,-2.37
4236,66.1875,-31.53
4237,66.203125,-53.21
4238,66.21875,-58.14
4239,66.234375,-47.33
4240,66.25,-31.49
4241,66.265625,-24.16
4242,66.28125,-33.6
4243,66.296875,-57.35
4244,66.3125,-82.91
4245,66.328125,-94.75
4246,66.34375,-83.08
4247,66.359375,-49.96
4248,66.375,-8.79
4249,66.390625,23.06
4250,66.40625,33.7
4251,66.421875,23.49
4252,66.4375,5.04
4253,66.453125,-4.5
4254,66.46875,6.54
4255,66.484375,37.2
4256,66.5,74.51
4257,66.515625,101.04
4258,66.53125,105.4
4259,66.546875,89.19
4260,66.5625,65.72
4261,66.578125,51.94
4262,66.59375,58.15
4263,66.609375,81.79
4264,66.625,108.97
4265,66.640625,123.21
4266,66.65625,115.38
4267,66.671875,89.37
4268,66.6875,59.45
4269,66.703125,41.73
4270,66.71875,44.34
4271,66.734375,62.56
4272,66.75,81.3
4273,66.765625,84.24
4274,66.78125,63.33
4275,66.796875,23.61
4276,66.8125,-19.26
4277,66.828125,-47.89
4278,66.84375,-52.43
4279,66.859375,-35.7
4280,66.875,-11.07
4281,66.890625,5.23
4282,66.90625,2.48
4283,66.921875,-19.83
4284,66.9375,-53.27
4285,66.953125,-86.33
4286,66.96875,-110.6
4287,66.984375,-124.32
4288,67.0,-131.47
4289,67.015625,-138.12
4290,67.03125,-148.71
4291,67.046875,-164.2
4292,67.0625,-182.59
4293,67.078125,-200.95
4294,67.09375,-216.67
4295,67.109375,-227.94
4296,67.125,-233.3
4297,67.140625,-231.17
4298,67.15625,-219.82
4299,67.171875,-197.94
4300,67.1875,-165.52
4301,67.203125,-124.44
4302,67.21875,-78.83
4303,67.234375,-34.85
4304,67.25,0.25
4305,67.265625,19.83
4306,67.28125,19.97
4307,67.296875,1.3
4308,67.3125,-30.59
4309,67.328125,-66.66
4310,67.34375,-97.25
4311,67.359375,-115.15
4312,67.375,-117.39
4313,67.390625,-105.11
4314,67.40625,-81.74
4315,67.421875,-51.01
4316,67.4375,-15.7
4317,67.453125,22.27
4318,67.46875,60.84
4319,67.484375,97.0
4320,67.5,127.07
4321,67.515625,148.24
4322,67.53125,159.91
4323,67.546875,164.51
4324,67.5625,166.2
4325,67.578125,168.35
4326,67.59375,171.22
4327,67.609375,171.16
4328,67.625,162.48
4329,67.640625,140.79
4330,67.65625,106.33
4331,67.671875,64.94
4332,67.6875,25.89
4333,67.703125,-2.27
4334,67.71875,-15.43
4335,67.734375,-15.32
4336,67.75,-7.52
4337,67.765625,2.24
4338,67.78125,11.17
4339,67.796875,20.44
4340,67.8125,33.72
4341,67.828125,54.43
4342,67.84375,83.11
4343,67.859375,116.08
4344,67.875,145.86
4345,67.890625,163.27
4346,67.90625,160.69
4347,67.921875,135.28
4348,67.9375,90.99
4349,67.953125,38.21
4350,67.96875,-9.44
4351,67.984375,-39.99
4352,68.0,-47.85
4353,68.015625,-35.69
4354,68.03125,-13.22
4355,68.046875,7.41
4356,68.0625,16.56
4357,68.078125,10.22
4358,68.09375,-10.32
4359,68.109375,-41.29
4360,68.125,-79.53
4361,68.140625,-123.64
4362,68.15625,-172.38
4363,68.171875,-222.2
4364,68.1875,-265.66
4365,68.203125,-292.45
4366,68.21875,-292.97
4367,68.234375,-262.81
4368,68.25,-205.78
4369,68.265625,-133.16
4370,68.28125,-59.75
4371,68.296875,1.65
4372,68.3125,44.73
4373,68.328125,70.39
4374,68.34375,84.18
4375,68.359375,91.95
4376,68.375,96.59
4377,68.390625,97.48
4378,68.40625,92.67
4379,68.421875,81.87
4380,68.4375,67.92
4381,68.453125,55.83
4382,68.46875,49.98
4383,68.484375,51.38
4384,68.5,56.76
4385,68.515625,60.77
4386,68.53125,59.51
4387,68.546875,53.4
4388,68.5625,47.26
4389,68.578125,47.37
4390,68.59375,57.24
4391,68.609375,74.56
4392,68.625,91.43
4393,68.640625,97.63
4394,68.65625,85.99
4395,68.671875,56.44
4396,68.6875,16.62
4397,68.703125,-21.2
4398,68.71875,-45.73
4399,68.734375,-51.55
4400,68.75,-41.09
4401,68.765625,-22.27
4402,68.78125,-3.79
4403,68.796875,9.15
4404,68.8125,16.45
4405,68.828125,21.23
4406,68.84375,26.15
4407,68.859375,30.66
4408,68.875,30.89
4409,68.890625,22.66
4410,68.90625,5.0
4411,68.921875,-17.95
4412,68.9375,-38.01
4413,68.953125,-47.12
4414,68.96875,-41.82
4415,68.984375,-25.65
4416,69.0,-7.93
4417,69.015625,0.75
4418,69.03125,-6.28
4419,69.046875,-28.2
4420,69.0625,-57.03
4421,69.078125,-81.53
4422,69.09375,-92.48
4423,69.109375,-86.91
4424,69.125,-68.81
4425,69.140625,-46.52
4426,69.15625,-28.1
4427,69.171875,-17.38
4428,69.1875,-12.95
4429,69.203125,-10.11
4430,69.21875,-4.6
4431,69.234375,4.35
4432,69.25,13.43
4433,69.265625,17.66
4434,69.28125,14.06
4435,69.296875,4.26
4436,69.3125,-5.75
4437,69.328125,-8.75
4438,69.34375,-0.59
4439,69.359375,17.07
4440,69.375,36.91
4441,69.390625,49.73
4442,69.40625,49.33
4443,69.421875,35.67
4444,69.4375,14.9
4445,69.453125,-4.13
4446,69.46875,-14.59
4447,69.484375,-14.98
4448,69.5,-9.35
4449,69.515625,-4.05
4450,69.53125,-3.66
4451,69.546875,-8.0
4452,69.5625,-12.33
4453,69.578125,-10.45
4454,69.59375,1.19
4455,69.609375,20.64
4456,69.625,41.04
4457,69.640625,53.93
4458,69.65625,53.74
4459,69.671875,41.2
4460,69.6875,23.1
4461,69.703125,8.86
4462,69.71875,5.54
4463,69.734375,13.97
4464,69.75,28.48
4465,69.765625,40.03
4466,69.78125,41.63
4467,69.796875,32.24
4468,69.8125,17.29
4469,69.828125,5.26
4470,69.84375,2.51
4471,69.859375,9.41
4472,69.875,20.11
4473,69.890625,26.27
4474,69.90625,22.56
4475,69.921875,10.12
4476,69.9375,-3.73
4477,69.953125,-9.84
4478,69.96875,-3.05
4479,69.984375,14.22
4480,70.0,32.55
4481,70.015625,40.57
4482,70.03125,30.98
4483,70.046875,4.73
4484,70.0625,-29.36
4485,70.078125,-59.07
4486,70.09375,-74.71
4487,70.109375,-73.56
4488,70.125,-60.01
4489,70.140625,-42.41
4490,70.15625,-28.14
4491,70.171875,-20.0
4492,70.1875,-15.84
4493,70.203125,-11.11
4494,70.21875,-2.54
4495,70.234375,9.4
4496,70.25,20.71
4497,70.265625,26.36
4498,70.28125,23.8
4499,70.296875,14.9
4500,70.3125,5.3
4501,70.328125,1.43
4502,70.34375,6.79
4503,70.359375,19.82
4504,70.375,34.37
4505,70.390625,43.09
4506,70.40625,41.5
4507,70.421875,30.53
4508,70.4375,16.22
4509,70.453125,6.43
4510,70.46875,6.43
4511,70.484375,15.95
4512,70.5,29.31
4513,70.515625,38.68
4514,70.53125,38.45
4515,70.546875,28.53
4516,70.5625,14.11
4517,70.578125,2.51
4518,70.59375,-1.2
4519,70.609375,2.64
4520,70.625,8.62
4521,70.640625,9.71
4522,70.65625,1.79
4523,70.671875,-13.36
4524,70.6875,-28.79
4525,70.703125,-36.33
4526,70.71875,-31.49
4527,70.734375,-16.42
4528,70.75,0.85
4529,70.765625,10.7
4530,70.78125,7.12
4531,70.796875,-9.3
4532,70.8125,-31.78
4533,70.828125,-51.33
4534,70.84375,-61.45
4535,70.859375,-61.09
4536,70.875,-54.39
4537,70.890625,-47.6
4538,70.90625,-45.2
4539,70.921875,-47.45
4540,70.9375,-50.65
4541,70.953125,-49.61
4542,70.96875,-40.83
4543,70.984375,-24.86
4544,71.0,-6.15
4545,71.015625,9.07
4546,71.03125,15.99
4547,71.046875,13.91
4548,71.0625,6.57
4549,71.078125,0.18
4550,71.09375,0.04
4551,71.109375,7.46
4552,71.125,18.83
4553,71.140625,27.64
4554,71.15625,28.3
4555,71.171875,19.49
4556,71.1875,5.27
4557,71.203125,-7.08
4558,71.21875,-11.24
4559,71.234375,-5.49
4560,71.25,6.24
4561,71.265625,16.76
4562,71.28125,19.92
4563,71.296875,14.23
4564,71.3125,3.65
4565,71.328125,-4.97
4566,71.34375,-6.09
4567,71.359375,1.08
4568,71.375,12.18
4569,71.390625,20.4
4570,71.40625,20.61
4571,71.421875,12.59
4572,71.4375,1.15
4573,71.453125,-6.75
4574,71.46875,-6.08
4575,71.484375,3.01
4576,71.5,15.36
4577,71.515625,23.58
4578,71.53125,22.37
4579,71.546875,11.6
4580,71.5625,-3.7
4581,71.578125,-16.17
4582,71.59375,-20.35
4583,71.609375,-15.66
4584,71.625,-6.54
4585,71.640625,0.43
4586,71.65625,0.57
4587,71.671875,-6.12
4588,71.6875,-15.01
4589,71.703125,-19.71
4590,71.71875,-16.09
4591,71.734375,-4.77
4592,71.75,9.03
4593,71.765625,18.66
4594,71.78125,19.97
4595,71.796875,13.68
4596,71.8125,5.01
4597,71.828125,0.48
4598,71.84375,4.11
4599,71.859375,14.96
4600,71.875,27.77
4601,71.890625,36.05
4602,71.90625,35.88
4603,71.921875,28.23
4604,71.9375,18.33
4605,71.953125,12.6
4606,71.96875,14.8
4607,71.984375,23.87
4608,72.0,34.64
4609,72.015625,40.91
4610,72.03125,39.16
4611,72.046875,30.64
4612,72.0625,20.65
4613,72.078125,15.31
4614,72.09375,17.99
4615,72.109375,27.2
4616,72.125,37.27
4617,72.140625,41.41
4618,72.15625,35.42
4619,72.171875,19.99
4620,72.1875,0.49
4621,72.203125,-15.68
4622,72.21875,-22.84
4623,72.234375,-19.75
4624,72.25,-10.26
4625,72.265625,-1.53
4626,72.28125,-0.62
4627,72.296875,-11.38
4628,72.3125,-32.85
4629,72.328125,-59.81
4630,72.34375,-84.72
4631,72.359375,-100.31
4632,72.375,-101.73
4633,72.390625,-87.58
4634,72.40625,-59.76
4635,72.421875,-22.56
4636,72.4375,18.7
4637,72.453125,58.67
4638,72.46875,92.4
4639,72.484375,115.36
4640,72.5,123.6
4641,72.515625,114.63
4642,72.53125,88.95
4643,72.546875,51.26
4644,72.5625,10.16
4645,72.578125,-24.36
4646,72.59375,-45.08
4647,72.609375,-51.02
4648,72.625,-48.29
4649,72.640625,-46.8
4650,72.65625,-54.77
4651,72.671875,-73.79
4652,72.6875,-97.48
4653,72.703125,-114.91
4654,72.71875,-116.66
4655,72.734375,-100.09
4656,72.75,-70.79
4657,72.765625,-39.75
4658,72.78125,-17.93
4659,72.796875,-11.37
4660,72.8125,-19.29
4661,72.828125,-35.67
4662,72.84375,-52.92
4663,72.859375,-65.26
4664,72.875,-70.18
4665,72.890625,-67.66
4666,72.90625,-58.32
4667,72.921875,-42.01
4668,72.9375,-17.98
4669,72.953125,13.38
4670,72.96875,48.9
4671,72.984375,82.14
4672,73.0,105.22
4673,73.015625,112.04
4674,73.03125,101.48
4675,73.046875,78.59
4676,73.0625,52.71
4677,73.078125,33.44
4678,73.09375,26.2
4679,73.109375,29.93
4680,73.125,37.95
4681,73.140625,41.74
4682,73.15625,35.63
4683,73.171875,19.7
4684,73.1875,-0.61
4685,73.203125,-17.81
4686,73.21875,-26.82
4687,73.234375,-27.73
4688,73.25,-25.43
4689,73.265625,-26.35
4690,73.28125,-34.22
4691,73.296875,-47.76
4692,73.3125,-61.3
4693,73.328125,-68.04
4694,73.34375,-64.02
4695,73.359375,-50.3
4696,73.375,-32.4
4697,73.390625,-17.28
4698,73.40625,-9.77
4699,73.421875,-10.36
4700,73.4375,-15.35
4701,73.453125,-19.27
4702,73.46875,-17.86
4703,73.484375,-10.33
4704,73.5,0.51
4705,73.515625,10.07
4706,73.53125,14.58
4707,73.546875,13.24
4708,73.5625,8.43
4709,73.578125,4.04
4710,73.59375,3.02
4711,73.609375,5.37
4712,73.625,8.33
4713,73.640625,8.22
4714,73.65625,3.2
4715,73.671875,-4.9
4716,73.6875,-11.03
4717,73.703125,-9.5
4718,73.71875,2.66
4719,73.734375,23.35
4720,73.75,45.9
4721,73.765625,61.99
4722,73.78125,66.03
4723,73.796875,58.18
4724,73.8125,44.4
4725,73.828125,33.34
4726,73.84375,31.61
4727,73.859375,40.21
4728,73.875,54.17
4729,73.890625,65.6
4730,73.90625,68.39
4731,73.921875,61.49
4732,73.9375,49.19
4733,73.953125,37.92
4734,73.96875,31.94
4735,73.984375,30.72
4736,74.0,29.48
4737,74.015625,22.77
4738,74.03125,8.07
4739,74.046875,-12.68
4740,74.0625,-34.65
4741,74.078125,-53.36
4742,74.09375,-67.18
4743,74.109375,-77.29
4744,74.125,-85.28
4745,74.140625,-90.51
4746,74.15625,-89.45
4747,74.171875,-77.38
4748,74.1875,-51.53
4749,74.203125,-13.49
4750,74.21875,30.85
4751,74.234375,73.35
4752,74.25,106.34
4753,74.265625,124.67
4754,74.28125,126.58
4755,74.296875,113.74
4756,74.3125,91.04
4757,74.328125,65.88
4758,74.34375,46.36
4759,74.359375,38.21
4760,74.375,42.04
4761,74.390625,52.53
4762,74.40625,61.13
4763,74.421875,60.74
4764,74.4375,49.62
4765,74.453125,32.0
4766,74.46875,14.68
4767,74.484375,2.17
4768,74.5,-6.34
4769,74.515625,-15.55
4770,74.53125,-29.52
4771,74.546875,-47.39
4772,74.5625,-62.52
4773,74.578125,-66.13
4774,74.59375,-53.15
4775,74.609375,-26.06
4776,74.625,5.68
4777,74.640625,30.84
4778,74.65625,42.37
4779,74.671875,41.17
4780,74.6875,35.03
4781,74.703125,33.65
4782,74.71875,43.1
4783,74.734375,62.75
4784,74.75,86.17
4785,74.765625,104.84
4786,74.78125,112.37
4787,74.796875,106.83
4788,74.8125,90.32
4789,74.828125,66.55
4790,74.84375,38.33
4791,74.859375,6.2
4792,74.875,-30.67
4793,74.890625,-72.79
4794,74.90625,-118.38
4795,74.921875,-162.76
4796,74.9375,-199.52
4797,74.953125,-222.85
4798,74.96875,-230.12
4799,74.984375,-223.25
4800,75.0,-208.25
4801,75.015625,-192.71
4802,75.03125,-182.22
4803,75.046875,-177.85
4804,75.0625,-175.47
4805,75.078125,-168.06
4806,75.09375,-149.58
4807,75.109375,-118.49
4808,75.125,-79.05
4809,75.140625,-39.25
4810,75.15625,-6.89
4811,75.171875,14.28
4812,75.1875,26.05
4813,75.203125,34.11
4814,75.21875,44.12
4815,75.234375,58.07
4816,75.25,73.11
4817,75.265625,83.53
4818,75.28125,84.6
4819,75.296875,75.84
4820,75.3125,61.75
4821,75.328125,49.21
4822,75.34375,43.55
4823,75.359375,45.25
